Date;Open;High;Low;Close;Adj Close;Volume;Returns
15.04.2019;87,199997;87,5;86,199997;87,199997;79,840988;24373;0
16.04.2019;87,199997;89,449997;87,199997;89,300003;81,763763;64816;2,41
17.04.2019;89,300003;89,300003;89,300003;89,300003;81,763763;0;0
23.04.2019;87;88,550003;85,800003;87,800003;80,390358;104433;0,92
24.04.2019;87,300003;88,400002;87;88,400002;80,93972;30553;1,26
25.04.2019;88,400002;88,550003;87,900002;88,400002;80,93972;25564;0
26.04.2019;88,400002;88,5;87;88,300003;80,848152;45355;-0,11
29.04.2019;88,300003;88,599998;87,599998;88,400002;80,93972;39639;0,11
30.04.2019;88,400002;88,400002;87,449997;87,550003;80,161453;41978;-0,96
02.05.2019;88,5;88,5;86,599998;87,199997;79,840988;60621;-1,47
03.05.2019;88;92,699997;88;89,300003;81,763763;237149;1,48
06.05.2019;86,5;89,949997;86,5;89,5;81,946884;35005;3,47
07.05.2019;89,5;91,800003;88,75;90,5;82,862495;194349;1,12
08.05.2019;90;91,349998;89,900002;91,099998;83,41185;46545;1,22
09.05.2019;90,75;92,849998;90,599998;91,5;83,778099;92993;0,83
10.05.2019;90,5;92,599998;90,5;91,449997;83,732323;68280;1,05
13.05.2019;90;91,050003;87,650002;87,949997;80,527687;65832;-2,28
14.05.2019;88,199997;89,550003;88,199997;89,5;81,946884;40014;1,47
15.05.2019;89,75;89,949997;89;89,5;81,946884;47447;-0,28
16.05.2019;90,25;92,599998;89,699997;92,050003;84,281685;94290;1,99
20.05.2019;92,300003;92,900002;88,849998;90,25;82,633591;75509;-2,22
21.05.2019;91,650002;91,650002;89,800003;90,599998;82,954048;53703;-1,15
22.05.2019;90,599998;94,099998;90,25;93,550003;85,655106;73912;3,26
23.05.2019;93,550003;94,150002;92,099998;93;85,15152;83294;-0,59
24.05.2019;93,099998;94,550003;93,050003;94,349998;86,387581;110187;1,34
27.05.2019;94,349998;95,550003;94,25;95;86,982735;132229;0,69
28.05.2019;95,199997;99;95,199997;97,400002;89,180183;210898;2,31
29.05.2019;97,300003;97,300003;96;96,800003;88,630814;112358;-0,51
31.05.2019;96,400002;96,400002;94,300003;95;86,982735;70981;-1,45
03.06.2019;95;96;95;95,75;87,669434;73475;0,79
04.06.2019;93,849998;95,650002;91,5;93;85,15152;110434;-0,91
05.06.2019;93;94,050003;92,699997;93,650002;85,746658;37193;0,7
06.06.2019;93,699997;93,849998;91,75;92;84,235909;63586;-1,81
07.06.2019;92;93,699997;91,900002;93,550003;85,655106;60253;1,68
11.06.2019;93,550003;93,699997;92,699997;93,5;85,609314;21537;-0,05
12.06.2019;93,599998;93,599998;92,5;93;85,15152;62936;-0,64
13.06.2019;93;94;91,349998;93,849998;85,929779;109738;0,91
14.06.2019;94,849998;94,849998;90,599998;92,599998;84,785263;77971;-2,37
17.06.2019;92,650002;93,550003;91,25;91,25;83,549194;60099;-1,51
18.06.2019;91,349998;92,150002;90,449997;92;84,235909;63582;0,71
19.06.2019;91,599998;94,449997;91,599998;93,599998;85,700867;74827;2,18
20.06.2019;93,650002;94,300003;93;94;86,067116;51341;0,37
21.06.2019;93,5;94,150002;92,300003;93,949997;86,021332;119267;0,48
24.06.2019;93,900002;94,800003;93,300003;93,300003;85,426193;38476;-0,64
25.06.2019;93,300003;94,449997;93,199997;94;86,067116;41082;0,75
26.06.2019;94;94,949997;94;94,099998;86,158684;37349;0,11
27.06.2019;94;96;92,75;96;87,898338;58157;2,13
28.06.2019;96;99,25;96;98,800003;90,462029;165375;2,92
01.07.2019;99;99,949997;97,650002;98,400002;90,095795;55174;-0,61
02.07.2019;98;99,099998;95,599998;98,949997;90,599373;33977;0,97
03.07.2019;98,949997;99,5;97,75;99,400002;91,011406;53013;0,45
04.07.2019;98,050003;98,050003;96,150002;96,75;88,585037;89754;-1,33
05.07.2019;96,75;97,25;95,550003;96,400002;88,26458;58991;-0,36
08.07.2019;96,400002;98,25;95,949997;97,550003;89,317528;62605;1,19
09.07.2019;98,699997;99,150002;97,25;99,099998;90,73671;60202;0,41
10.07.2019;99,050003;99,099998;97,349998;97,5;89,271744;30884;-1,56
11.07.2019;97,900002;97,900002;96,400002;97;88,813934;22445;-0,92
12.07.2019;96,099998;97,199997;96,099998;97;88,813934;46032;0,94
15.07.2019;96,050003;97;96,050003;96,550003;88,401924;28055;0,52
16.07.2019;96,150002;96,650002;92,550003;95,25;87,211624;71854;-0,94
17.07.2019;92,949997;94,900002;92,949997;94,5;86,524925;43307;1,67
18.07.2019;93,300003;94,599998;92,900002;94,400002;86,433357;43008;1,18
19.07.2019;95,199997;95,25;93,900002;94,699997;86,708046;37925;-0,53
22.07.2019;97,5;97,5;94;94;86,067116;42846;-3,59
23.07.2019;92,300003;95,150002;92,150002;94;86,067116;112525;1,84
24.07.2019;93,349998;95,75;93,349998;94;86,067116;57599;0,7
25.07.2019;93,5;95,5;93,5;94,900002;86,891167;71700;1,5
26.07.2019;94,900002;97,550003;94,800003;96,900002;88,722382;55580;2,11
29.07.2019;95,099998;97,199997;95,099998;95,650002;87,577873;21795;0,58
30.07.2019;95,650002;95,650002;93,400002;94;86,067116;43380;-1,73
31.07.2019;94;94,900002;92,400002;92,75;84,922607;45575;-1,33
01.08.2019;94;94,800003;93,25;93,550003;85,655106;55024;-0,48
02.08.2019;93,199997;94,849998;93,199997;94;86,067116;28228;0,86
05.08.2019;93,5;93,5;92,050003;93;85,15152;34929;-0,53
06.08.2019;92;92,650002;91;92,25;84,464806;58217;0,27
07.08.2019;92;93,599998;91,900002;92,349998;84,556374;32391;0,38
08.08.2019;92,75;95,199997;92,5;95,099998;87,074287;22723;2,53
09.08.2019;95,099998;95,800003;93,800003;95,349998;87,303192;24224;0,26
12.08.2019;92;95,349998;92;95,099998;87,074287;18571;3,37
13.08.2019;94,75;95,300003;93,199997;95;86,982735;36125;0,26
14.08.2019;93,449997;94,300003;92,699997;93,199997;85,334633;65714;-0,27
15.08.2019;93;93,699997;90,5;92;84,235909;61383;-1,08
16.08.2019;92,5;93,699997;91,5;92;84,235909;28477;-0,54
19.08.2019;94,550003;94,800003;92;93,849998;85,929779;27644;-0,74
20.08.2019;91,5;94,449997;91,5;93,449997;85,56353;28745;2,13
21.08.2019;93,449997;94,25;93,25;93,25;85,380409;11826;-0,21
22.08.2019;91,400002;93,800003;91,400002;92,199997;84,419014;24711;0,88
23.08.2019;92,400002;93,050003;90,599998;91;83,320297;62580;-1,52
26.08.2019;87;89;85,699997;87,800003;80,390358;74348;0,92
27.08.2019;87,800003;89,099998;86,599998;87,099998;79,749413;94818;-0,8
28.08.2019;87,5;87,949997;85,650002;87,5;80,115669;62237;0
29.08.2019;87,900002;90;87,900002;90;82,404686;46703;2,39
30.08.2019;88;91,5;88;91,199997;83,503418;35769;3,64
02.09.2019;91;92,199997;88,699997;88,699997;81,214394;66174;-2,53
03.09.2019;91;93,800003;90,349998;93,099998;85,243065;98925;2,31
04.09.2019;91,5;93,449997;91,150002;91,150002;83,457642;41542;-0,38
05.09.2019;91,150002;93,5;91,150002;92,300003;84,510582;73921;1,26
06.09.2019;93;93,5;92,849998;92,849998;85,01416;21057;-0,16
09.09.2019;93,050003;93,099998;91,900002;92;84,235909;13807;-1,13
10.09.2019;92,349998;94,150002;91,650002;93,75;85,838211;60067;1,52
11.09.2019;92,800003;97;92,800003;97;88,813934;28945;4,53
12.09.2019;95,150002;96,099998;94,949997;95,599998;87,532089;40672;0,47
13.09.2019;94,949997;97,349998;94,949997;96,699997;88,539253;28126;1,84
16.09.2019;96;97,5;95,900002;97,5;89,271744;58949;1,56
17.09.2019;97;97,5;96,199997;97,449997;89,22596;69119;0,46
18.09.2019;97;98;96,300003;96,650002;88,493477;73849;-0,36
19.09.2019;95,949997;97,199997;95,5;96,300003;88,173019;44372;0,36
20.09.2019;95,900002;97,349998;95,550003;95,550003;87,486313;135960;-0,36
23.09.2019;90;96,5;90;95,550003;87,486313;55915;6,17
24.09.2019;93,099998;96;93,099998;94,75;86,75383;55378;1,77
25.09.2019;93,099998;94,5;92,800003;92,800003;84,968384;13194;-0,32
26.09.2019;92;95,5;92;95;86,982735;75754;3,26
27.09.2019;95,099998;95,099998;92,800003;93,300003;85,426193;21947;-1,89
30.09.2019;93,300003;97,300003;92,900002;97;88,813934;116824;3,97
01.10.2019;96,75;99,199997;95,449997;98,550003;90,233131;121209;1,86
02.10.2019;97,949997;98,300003;96,900002;98,050003;89,775337;44808;0,1
03.10.2019;96,199997;98,5;96;98;89,729538;58731;1,87
04.10.2019;97,900002;101,800003;97,900002;101,699997;93,117294;97048;3,88
07.10.2019;101,5;101,599998;100,300003;100,5;92,018562;56877;-0,99
08.10.2019;99,400002;101,300003;99,400002;100;91,560753;46429;0,6
09.10.2019;100;100,199997;97,5;98,400002;90,095795;45518;-1,6
10.10.2019;98,400002;99,550003;97,199997;97,5;89,271744;39844;-0,91
11.10.2019;97,5;97,900002;96,349998;96,75;88,585037;63691;-0,77
14.10.2019;96,75;98,75;96,75;97,599998;89,363304;53652;0,88
15.10.2019;97,599998;98,25;97,599998;98;89,729538;17309;0,41
16.10.2019;99;99;97,5;98,25;89,958443;28553;-0,76
17.10.2019;98;98,849998;97,150002;97,150002;88,951279;52469;-0,87
18.10.2019;98,949997;98,949997;97,800003;98;89,729538;59759;-0,96
21.10.2019;97,5;97,650002;93,650002;94;86,067116;123726;-3,59
22.10.2019;94,5;94,699997;93,349998;93,800003;85,884003;78943;-0,74
23.10.2019;94;94;91,75;91,75;84,006996;110574;-2,39
24.10.2019;91,650002;92,900002;89,300003;89,300003;81,763763;141677;-2,56
25.10.2019;89,5;92,449997;89,5;92,449997;84,647919;70936;3,3
28.10.2019;92,449997;92,800003;91,599998;92,150002;84,373245;19481;-0,32
29.10.2019;92,099998;92,150002;89,650002;90,050003;82,45047;106626;-2,23
30.10.2019;90,800003;91;88,650002;89;81,489082;72189;-1,98
31.10.2019;89;89,300003;88,150002;88,449997;80,985489;81172;-0,62
01.11.2019;88,199997;90;75;89,5;81,946884;161014;1,47
04.11.2019;89,5;90,449997;89;90;82,404686;50925;0,56
05.11.2019;90,400002;90,400002;89,599998;89,800003;82,221565;47832;-0,66
06.11.2019;90,199997;90,199997;88;88,5;81,031281;74391;-1,88
07.11.2019;88;90,949997;88;90,949997;83,274506;58119;3,35
08.11.2019;91;91,349998;90,400002;90,900002;83,228737;32627;-0,11
11.11.2019;89;92;89;92;84,235909;90542;3,37
12.11.2019;92;93,25;91,25;93,25;85,380409;52566;1,36
13.11.2019;93,449997;93,449997;91,449997;92,650002;84,831055;32350;-0,86
14.11.2019;93,449997;94;92,300003;94;86,067116;54303;0,59
15.11.2019;92,199997;94,550003;92,199997;94,550003;86,570702;73864;2,55
18.11.2019;94,550003;94,599998;94,050003;94,400002;86,433357;44693;-0,16
19.11.2019;94;95,699997;93,900002;95,699997;87,62365;36875;1,81
20.11.2019;95,699997;95,699997;94,599998;95;86,982735;46649;-0,73
21.11.2019;95;96,25;94,150002;95,699997;87,62365;40294;0,74
22.11.2019;95;96,699997;94,900002;96;87,898338;26301;1,05
25.11.2019;97;97;95,599998;97;88,813934;69513;0
26.11.2019;97,800003;98,900002;96,849998;98;89,729538;111132;0,2
27.11.2019;98;98,199997;96,099998;97;88,813934;82368;-1,02
28.11.2019;96,25;97;94,25;94,5;86,524925;57861;-1,82
29.11.2019;95;95;92,800003;93,5;85,609314;43978;-1,58
02.12.2019;92;93,75;92;92,550003;84,739487;52929;0,6
03.12.2019;92,550003;92,650002;91,349998;91,75;84,006996;21082;-0,86
04.12.2019;92,5;93,800003;91,400002;93,800003;85,884003;51376;1,41
05.12.2019;92,5;94,449997;92,449997;94,449997;86,479141;26159;2,11
06.12.2019;94,449997;95,199997;93,75;95,050003;87,028503;26187;0,64
09.12.2019;95,050003;95,050003;93,949997;94,699997;86,708046;40006;-0,37
10.12.2019;94,599998;96,150002;94,150002;96,150002;88,035667;43479;1,64
11.12.2019;95,949997;96,199997;94,199997;95;86,982735;46485;-0,99
12.12.2019;94,550003;95,550003;94,400002;95,550003;87,486313;22692;1,06
13.12.2019;96;96;94,699997;95,75;87,669434;17016;-0,26
16.12.2019;95,75;95,75;91,25;92,5;84,69371;150807;-3,39
17.12.2019;92,849998;93,349998;90,5;93,050003;85,197296;68580;0,22
18.12.2019;92,050003;93;90,849998;91,199997;83,503418;53382;-0,92
19.12.2019;91,5;94,949997;91,199997;94,949997;86,936935;79489;3,77
20.12.2019;94,599998;96,5;94,099998;94,5;86,524925;66693;-0,11
23.12.2019;94,5;95,949997;94,449997;95,400002;87,348976;41077;0,95
27.12.2019;95,699997;95,900002;94,800003;95,599998;87,532089;37620;-0,1
30.12.2019;94,400002;95,25;94,349998;95;86,982735;51440;0,64
02.01.2020;95;95,650002;93,449997;95;86,982735;26989;0
03.01.2020;95;95;93,699997;94,050003;86,1129;15885;-1
06.01.2020;94;94;91,449997;92,050003;84,281685;24663;-2,07
07.01.2020;91,199997;92,349998;91;91;83,320297;41584;-0,22
08.01.2020;90,599998;91,650002;90,449997;91,400002;83,686539;56256;0,88
09.01.2020;91,400002;92,199997;90,400002;90,400002;82,770935;41314;-1,09
10.01.2020;91,5;92,800003;91,199997;92,800003;84,968384;23807;1,42
13.01.2020;92,5;93,300003;91,199997;92,800003;84,968384;48927;0,32
14.01.2020;92,800003;93;91,75;91,75;84,006996;52666;-1,13
15.01.2020;91,5;92,699997;91,5;92;84,235909;30495;0,55
16.01.2020;91,949997;92;90,949997;91,849998;84,098564;46468;-0,11
17.01.2020;91,849998;92,75;91,699997;91,949997;84,190109;22651;0,11
20.01.2020;91,949997;92,800003;91,650002;91,699997;83,961227;44460;-0,27
21.01.2020;91,699997;91,699997;90,650002;90,849998;83,182953;35289;-0,93
22.01.2020;90,800003;91,599998;90,800003;90,800003;83,137184;63185;0
23.01.2020;90,699997;91;88,449997;90;82,404686;116039;-0,77
24.01.2020;91;91;89,400002;90,400002;82,770935;51572;-0,66
27.01.2020;90,900002;90,900002;88,150002;89,400002;81,855324;32478;-1,65
28.01.2020;89;90,25;88,050003;89,150002;81,626427;42444;0,17
29.01.2020;89,150002;89,650002;88,25;88,900002;81,397514;80998;-0,28
30.01.2020;89,199997;89,199997;87,599998;88;80,573471;48288;-1,35
31.01.2020;87,949997;89,199997;87,650002;88;80,573471;154065;0,06
03.02.2020;88;89,550003;87,300003;89,550003;81,992661;36337;1,76
04.02.2020;91;91;89,5;89,650002;82,084229;43391;-1,48
05.02.2020;91;95;90,849998;95;86,982735;144279;4,4
06.02.2020;95;97,849998;94,949997;97,5;89,271744;109183;2,63
07.02.2020;97,5;97,849998;96,849998;97;88,813934;56511;-0,51
10.02.2020;97,5;98,949997;96,050003;98,400002;90,095795;102742;0,92
11.02.2020;99;103,300003;98,599998;103;94,307587;278145;4,04
12.02.2020;101;102,900002;100,400002;101,900002;93,300423;117370;0,89
13.02.2020;101,300003;102,599998;100,400002;102,5;93,849777;50897;1,18
14.02.2020;102;105,199997;100,400002;105,199997;96,321915;121853;3,14
17.02.2020;97,550003;104,699997;97,550003;104,5;95,680992;43533;7,12
18.02.2020;104,099998;108,400002;104;108,099998;98,977188;89259;3,84
19.02.2020;107,699997;110,800003;107;110,5;101,174644;148736;2,6
20.02.2020;110;114,099998;109,800003;114,099998;104,47084;135129;3,73
21.02.2020;113;114,900002;112,5;114,900002;105,203316;99114;1,68
24.02.2020;113,900002;113,900002;109,400002;110,400002;101,083092;87239;-3,07
25.02.2020;106;109,400002;106;108;98,885628;84292;1,89
26.02.2020;106;111;104,099998;109,699997;100,442154;146695;3,49
27.02.2020;109;109;102,699997;103;94,307587;161639;-5,5
28.02.2020;102;102,699997;99,650002;99,650002;91,240303;254790;-2,3
02.03.2020;99,650002;104,199997;99,650002;101;92,476364;218351;1,35
03.03.2020;107;108;102,5;105,800003;96,871284;204385;-1,12
04.03.2020;103;107,699997;103;104,599998;95,77256;105059;1,55
05.03.2020;107,699997;107,699997;103,5;105,199997;96,321915;81150;-2,32
06.03.2020;102;103,800003;100,400002;101,599998;93,025734;77342;-0,39
09.03.2020;98;99,400002;95,599998;96;87,898338;155101;-2,04
10.03.2020;94,449997;99,099998;94,449997;94,550003;86,570702;132318;0,11
11.03.2020;96,75;96,75;89,150002;89,150002;81,626427;216189;-7,86
12.03.2020;88,449997;88,449997;81,5;82,75;75,766533;213904;-6,44
13.03.2020;83;87,25;80,300003;82,5;75,537628;252027;-0,6
16.03.2020;80,25;82,599998;75,050003;81,849998;74,942482;424368;1,99
17.03.2020;82,050003;86,699997;80,949997;85,699997;78,467567;299142;4,45
18.03.2020;84,949997;84,949997;80;82,849998;75,858086;207713;-2,47
19.03.2020;84,050003;86,75;82,800003;85,699997;78,467567;328984;1,96
20.03.2020;89,099998;93,5;88,800003;89,300003;81,763763;340727;0,22
23.03.2020;87,5;87,599998;84;87,599998;80,20723;138293;0,11
24.03.2020;90;92,800003;89,849998;92,800003;84,968384;111988;3,11
25.03.2020;95;95;86,800003;90;82,404686;191984;-5,26
26.03.2020;88,5;90;86,300003;87,75;80,344574;134831;-0,85
27.03.2020;87;87,5;84,400002;84,400002;77,277283;113905;-2,99
30.03.2020;89,949997;91,349998;83,449997;91,349998;83,640755;143957;1,56
31.03.2020;91,349998;96,800003;91,349998;96,800003;88,630814;164445;5,97
01.04.2020;95;97;93;96,5;88,356133;203339;1,58
02.04.2020;99,800003;99,800003;93,900002;93,900002;85,975555;182233;-5,91
03.04.2020;96,800003;96,800003;90,400002;92,800003;84,968384;55797;-4,13
06.04.2020;91,300003;93,599998;91,099998;92,900002;85,059959;92057;1,75
07.04.2020;96,5;96,5;92,199997;92,300003;84,510582;98163;-4,35
08.04.2020;92,5;92,800003;88,599998;92,800003;84,968384;142727;0,32
14.04.2020;92,800003;94;90,599998;92,699997;84,876823;233609;-0,11
15.04.2020;92,699997;92,699997;89,699997;90,300003;82,679367;80290;-2,59
16.04.2020;92,199997;93,199997;89;92,800003;84,968384;185385;0,65
17.04.2020;95;97,199997;94,5;94,800003;86,799599;153142;-0,21
20.04.2020;96,5;96,5;93,599998;94,800003;86,799599;101576;-1,76
21.04.2020;94,5;94,5;91,699997;93,699997;85,792435;54225;-0,85
22.04.2020;92,400002;96,199997;92,400002;95,800003;87,71521;70230;3,68
23.04.2020;96,099998;100,800003;96,099998;100;91,560753;122959;4,06
24.04.2020;100;100;95,599998;97;88,813934;94294;-3
27.04.2020;97,599998;99;96,5;97,199997;88,997063;76927;-0,41
28.04.2020;98,400002;101;97,400002;98,699997;90,370476;114050;0,3
29.04.2020;99,300003;99,300003;95,099998;97;88,813934;112960;-2,32
30.04.2020;96;97,099998;94,099998;95,300003;87,257416;82558;-0,73
04.05.2020;96,199997;96,199997;92,099998;92,300003;84,510582;87981;-4,05
05.05.2020;90,599998;94,5;90,599998;93,199997;85,334633;87259;2,87
06.05.2020;95;95;91,900002;92,5;84,69371;99944;-2,63
07.05.2020;94,800003;94,800003;92;92,900002;85,059959;90014;-2
08.05.2020;94,900002;94,900002;90,300003;93,5;85,609314;98862;-1,48
11.05.2020;94;94,5;92,800003;94,5;86,524925;42099;0,53
12.05.2020;94,5;96;92,5;92,5;84,69371;52845;-2,12
13.05.2020;92,800003;93,5;91,5;91,800003;84,05278;42863;-1,08
14.05.2020;92;92;89,199997;90,599998;82,954048;50553;-1,52
15.05.2020;91,699997;92,5;90,699997;91,199997;83,503418;28146;-0,55
18.05.2020;91;94;91;93;85,15152;66245;2,2
19.05.2020;93;94;92;93;85,15152;40454;0
20.05.2020;93;94,699997;92,300003;93,5;85,609314;40994;0,54
22.05.2020;94,5;96,900002;91,699997;96,400002;88,26458;55921;2,01
25.05.2020;96,5;100;96,5;99,5;91,102951;95718;3,11
26.05.2020;99,599998;99,800003;97,800003;99;90,645157;39879;-0,6
27.05.2020;99;105,599998;98,699997;104,400002;95,589439;103740;5,45
28.05.2020;103,400002;107,400002;103,400002;105,400002;96,505043;84540;1,93
29.05.2020;107;107;104;105,400002;96,505043;104881;-1,5
02.06.2020;105,400002;106,199997;103,800003;105;96,138802;44800;-0,38
03.06.2020;105;105;100,199997;102;93,391983;95913;-2,86
04.06.2020;102,599998;102,599998;99,400002;101,599998;93,025734;94626;-0,97
05.06.2020;102,599998;104,599998;101,599998;104,599998;95,77256;71264;1,95
08.06.2020;105;105,599998;103,199997;105,599998;96,688164;87548;0,57
09.06.2020;107;107;103,199997;104;95,22319;73320;-2,8
10.06.2020;104,599998;105;103,199997;103,599998;94,856949;66710;-0,96
11.06.2020;104;104;101,599998;102,800003;94,124466;57556;-1,15
12.06.2020;102,400002;105,599998;99,699997;101,599998;93,025734;101578;-0,78
15.06.2020;100,400002;102,599998;99;101,599998;93,025734;79440;1,2
16.06.2020;101;103,599998;100,199997;103,199997;96,679306;69981;2,18
17.06.2020;102;105,199997;102;104,400002;97,80349;39193;2,35
18.06.2020;103,800003;105,400002;103;105;98,365578;90228;1,16
19.06.2020;104,599998;106,400002;104,599998;106,400002;99,677124;88843;1,72
22.06.2020;107;108;105,800003;108;101,176025;94337;0,93
23.06.2020;107;108;104,800003;105,800003;99,115028;71358;-1,12
24.06.2020;105,599998;106,199997;103,800003;104;97,428772;82042;-1,52
25.06.2020;103,800003;103,800003;101,400002;102,400002;95,929863;99492;-1,35
26.06.2020;103;103;101;102;95,555138;85125;-0,97
29.06.2020;102;102,800003;101,400002;102;95,555138;33611;0
30.06.2020;103;103,800003;101;102,199997;95,7425;60042;-0,78
01.07.2020;102;102,800003;100,199997;101;94,618324;60688;-0,98
02.07.2020;103,599998;103,599998;100,199997;101,599998;95,180412;58362;-1,93
03.07.2020;101,400002;102,800003;98,599998;99,300003;93,025734;124693;-2,07
06.07.2020;99;99,5;95,599998;96,300003;90,215294;131469;-2,73
07.07.2020;97;98,900002;95,5;98,5;92,276276;114864;1,55
08.07.2020;98,5;98,5;96,800003;97,699997;91,526825;83019;-0,81
09.07.2020;98;98;96,5;97,599998;91,433151;67590;-0,41
10.07.2020;97,599998;98;95;98;91,807869;48558;0,41
13.07.2020;98;98;96,300003;97,699997;91,526825;106921;-0,31
14.07.2020;97,699997;98,599998;96,400002;97,099998;90,964745;38758;-0,61
15.07.2020;97,199997;98,800003;96,900002;97,099998;90,964745;76924;-0,1
16.07.2020;100,800003;110,400002;99,199997;109;102,112831;409405;8,13
17.07.2020;108,199997;116,599998;108,199997;115,599998;108,295822;286991;6,84
20.07.2020;115,199997;120,599998;114;120;112,417801;231542;4,17
21.07.2020;120;121;117,400002;118;110,544182;145576;-1,67
22.07.2020;117;120;115,199997;120;112,417801;201507;2,56
23.07.2020;120;123;119;122;114,291428;127297;1,67
24.07.2020;123;123;120;121,199997;113,541977;78353;-1,46
27.07.2020;121;121;116,800003;118,599998;111,10627;94363;-1,98
28.07.2020;118;121,800003;117,800003;121,599998;113,91671;66871;3,05
29.07.2020;122;122,199997;120,800003;121,400002;113,729355;33145;-0,49
30.07.2020;121;122;117,400002;117,599998;110,169449;85374;-2,81
31.07.2020;117,599998;120,800003;117,599998;120;112,417801;73465;2,04
03.08.2020;120;121,800003;120;121,599998;113,91671;66464;1,33
04.08.2020;120;121,400002;118,599998;119,400002;111,855721;28924;-0,5
05.08.2020;120;120,599998;119,400002;120,199997;112,605171;77525;0,17
06.08.2020;120;121,400002;119,400002;119,400002;111,855721;51961;-0,5
07.08.2020;120;120;117,599998;118,400002;110,918907;62985;-1,33
10.08.2020;118,400002;120,199997;117,400002;120;112,417801;27521;1,35
11.08.2020;120;120,400002;118,800003;119,599998;112,043083;45064;-0,33
12.08.2020;119,400002;122;118,400002;122;114,291428;67725;2,18
13.08.2020;122;126;119,599998;125,800003;117,851334;66250;3,11
14.08.2020;125,800003;125,800003;122;122,400002;114,666161;27101;-2,7
17.08.2020;122,599998;124;119,199997;119,199997;111,66835;57587;-2,77
18.08.2020;120;120;117,599998;118;110,544182;44022;-1,67
19.08.2020;117,800003;123,400002;117,199997;120,400002;112,792534;107490;2,21
20.08.2020;120,400002;122,199997;118,800003;121,800003;114,104073;39722;1,16
21.08.2020;122;122,800003;120,599998;121,599998;113,91671;52464;-0,33
24.08.2020;121,199997;125,800003;121,199997;124,199997;116,352425;55483;2,48
25.08.2020;124,199997;125,400002;121,800003;123,599998;115,790337;57934;-0,48
26.08.2020;121;129,800003;121;125,800003;117,851334;110473;3,97
27.08.2020;125,800003;129,399994;125,800003;129;120,849144;47607;2,54
28.08.2020;128,800003;132;126,400002;126,400002;118,413414;61804;-1,86
31.08.2020;126;131,800003;126;127,199997;119,162872;95361;0,95
01.09.2020;127,199997;127,599998;124,400002;124,800003;116,91452;71041;-1,89
02.09.2020;124;127;124;126,199997;118,226059;75558;1,77
03.09.2020;123;127,599998;123;126;118,038696;43999;2,44
04.09.2020;125,800003;128,399994;124,199997;128;119,912323;49345;1,75
07.09.2020;128;130;126,800003;128,800003;120,661781;77864;0,63
08.09.2020;129;129;125,800003;128;119,912323;46638;-0,78
09.09.2020;125;134;125;131,800003;123,472221;97068;5,44
10.09.2020;133;134,399994;130,399994;131;122,722771;105228;-1,5
11.09.2020;134,199997;140;133;137,199997;128,531036;224907;2,24
14.09.2020;137,199997;138,600006;133,399994;133,399994;124,97113;55909;-2,77
15.09.2020;134;134,800003;131,399994;131,399994;123,097488;123133;-1,94
16.09.2020;132,199997;133;128,199997;129,600006;121,41124;160758;-1,97
17.09.2020;132;135,800003;129,399994;135,800003;127,219475;93945;2,88
18.09.2020;137,800003;144,800003;137,199997;143;133,964554;202581;3,77
21.09.2020;143,199997;144;140,600006;140,800003;131,903564;130486;-1,68
22.09.2020;141;144;141;142;133,027756;116580;0,71
23.09.2020;142;143;139,600006;140;131,154114;49092;-1,41
24.09.2020;139,600006;139,800003;136,399994;139;130,217285;71713;-0,43
25.09.2020;139;139,399994;135;137,199997;128,531036;48282;-1,29
28.09.2020;140;141,800003;137,800003;141,399994;132,465637;47525;1
29.09.2020;142;142;139,399994;139,600006;130,779404;33688;-1,69
30.09.2020;140;143;139,800003;142,800003;133,777191;116943;2
01.10.2020;143,199997;143,199997;141;142,199997;133,215103;52092;-0,7
02.10.2020;140,800003;142,800003;139,800003;140,600006;131,716187;59371;-0,14
05.10.2020;142,199997;144;141,199997;142,600006;133,589828;47503;0,28
06.10.2020;143;143,399994;140,399994;142,199997;133,215103;41628;-0,56
07.10.2020;142,199997;142,199997;140,199997;141,199997;132,27829;98408;-0,7
08.10.2020;142,600006;142,600006;139,399994;140,199997;131,341461;46693;-1,68
09.10.2020;140;141;138,399994;140;131,154114;54758;0
12.10.2020;140;143,600006;140;142,600006;133,589828;107043;1,86
13.10.2020;143;143;141,600006;142,600006;133,589828;56184;-0,28
14.10.2020;142,600006;143,399994;142;142;133,027756;140742;-0,42
15.10.2020;142;142;139,800003;140;131,154114;59260;-1,41
16.10.2020;140;143,399994;140;142,199997;133,215103;132829;1,57
19.10.2020;142,199997;145;142;144,399994;135,276108;66500;1,55
20.10.2020;144,399994;146;141,199997;141,600006;132,653015;99551;-1,94
21.10.2020;139;139;128,199997;131;122,722771;271735;-5,76
22.10.2020;132;132,399994;121,800003;127,599998;119,537598;344196;-3,33
23.10.2020;127,599998;134,399994;125;134,399994;125,907928;142894;5,33
26.10.2020;133,399994;133,399994;126,400002;127,199997;119,162872;195887;-4,65
27.10.2020;125,199997;127,400002;124;127,199997;119,162872;71746;1,6
28.10.2020;127,199997;127,199997;121,199997;124,199997;116,352425;139713;-2,36
29.10.2020;125,400002;127,199997;124;126,199997;118,226059;50661;0,64
30.10.2020;126;129;125,599998;127,800003;119,724968;79193;1,43
02.11.2020;130,199997;132,399994;128,199997;129,800003;121,598595;105825;-0,31
03.11.2020;131,800003;133,399994;130,800003;131,800003;123,472221;79584;0
04.11.2020;134;135,600006;132,399994;133,800003;125,345856;97512;-0,15
05.11.2020;135,600006;136,800003;132,600006;133,600006;125,158485;306536;-1,47
06.11.2020;133,399994;138;133,399994;137,399994;128,718384;77054;3
09.11.2020;139;142,199997;138,199997;140;131,154114;80844;0,72
10.11.2020;142;142;132,600006;132,800003;124,409042;76370;-6,48
11.11.2020;135;135;128,800003;128,800003;120,661781;108655;-4,59
12.11.2020;130;137;129,399994;136;127,406845;121409;4,62
13.11.2020;136;136,600006;132,399994;132,399994;124,034309;56311;-2,65
16.11.2020;133;136,199997;131,600006;134,800003;126,282669;84121;1,35
17.11.2020;134;134,399994;130,600006;132;123,659584;76261;-1,49
18.11.2020;132,199997;139;132,199997;134,199997;125,720573;122543;1,51
19.11.2020;134,199997;134,800003;132,600006;132,600006;124,22168;39581;-1,19
20.11.2020;132,600006;135,199997;132,399994;132,800003;124,409042;54137;0,15
23.11.2020;134,199997;134,199997;128,199997;129,199997;121,036499;104295;-3,73
24.11.2020;129;131;128,199997;129,600006;121,41124;89335;0,47
25.11.2020;131,800003;131,800003;129;129;120,849144;72237;-2,12
26.11.2020;129,800003;130,399994;128,399994;129,399994;121,223869;67183;-0,31
27.11.2020;130;130,800003;129,600006;130,399994;122,160675;57897;0,31
30.11.2020;131;135,800003;130,800003;130,800003;122,535416;254974;-0,15
01.12.2020;133;135;132;133;124,596405;104057;0
02.12.2020;133,800003;133,800003;131,399994;132,600006;124,22168;74397;-0,9
03.12.2020;133,800003;133,800003;132,399994;132,800003;124,409042;51582;-0,75
04.12.2020;132,600006;134;132,199997;133,800003;125,345856;156824;0,9
07.12.2020;134;135,399994;133,399994;133,800003;125,345856;44004;-0,15
08.12.2020;132;134;132;133,399994;124,97113;345793;1,06
09.12.2020;133;135,600006;132,800003;133,600006;125,158485;73964;0,45
10.12.2020;135;135;131,800003;132,600006;124,22168;92400;-1,78
11.12.2020;132;132,199997;130,399994;132,199997;123,846939;142720;0,15
14.12.2020;132,399994;134,199997;132,199997;133;124,596405;39805;0,45
15.12.2020;134;134,399994;132,199997;133;124,596405;112162;-0,75
16.12.2020;135;137,399994;133,800003;135,800003;127,219475;84699;0,59
17.12.2020;136,199997;136,800003;134,600006;136,600006;127,968941;45639;0,29
18.12.2020;137;137;135,399994;136;127,406845;73632;-0,73
21.12.2020;136;136,199997;132,399994;134;125,533218;145928;-1,47
22.12.2020;136;137,399994;134,800003;137;128,343658;88963;0,74
23.12.2020;136,800003;139;136,600006;137,600006;128,905762;49853;0,58
28.12.2020;138,199997;142,600006;136,800003;140,800003;131,903564;68777;1,88
29.12.2020;142;143;140,199997;142,800003;133,777191;34388;0,56
30.12.2020;143;143;139,800003;141,800003;132,840393;79995;-0,84
04.01.2021;142,800003;144;140,199997;143;133,964554;410599;0,14
05.01.2021;141,399994;146,199997;141,399994;143;133,964554;121103;1,13
06.01.2021;143,800003;144,199997;142,199997;143;133,964554;124322;-0,56
07.01.2021;141;145;141;143,199997;134,151917;95209;1,56
08.01.2021;143;146,600006;141,800003;145,800003;136,587631;289068;1,96
11.01.2021;146,399994;147;144;146,399994;137,149719;69826;0
12.01.2021;147,600006;148,600006;146,600006;147,399994;138,086517;49451;-0,14
13.01.2021;149,399994;149,399994;146,199997;147,199997;137,899155;51053;-1,47
14.01.2021;147,600006;148,800003;146,600006;148,199997;138,835983;100921;0,41
15.01.2021;148,199997;148,800003;147;147,399994;138,086517;276710;-0,54
18.01.2021;144,800003;151,199997;144,800003;151;141,459076;86423;4,28
19.01.2021;152,199997;157,800003;152,199997;157,800003;147,829407;535662;3,68
20.01.2021;158;160;156,600006;160;149,890411;311548;1,27
21.01.2021;165;166;161;163,399994;153,075562;175308;-0,97
22.01.2021;163,600006;163,800003;160;161,199997;151,014572;137153;-1,47
25.01.2021;161,199997;162,199997;155,800003;155,800003;145,955795;197141;-3,35
26.01.2021;155;160;155;158;148,016769;80094;1,94
27.01.2021;158,199997;158,199997;152,600006;153,600006;143,894791;153484;-2,91
28.01.2021;150;157,399994;148;157,399994;147,454697;210365;4,93
29.01.2021;155,199997;157,399994;153;157,199997;147,267334;52763;1,29
01.02.2021;159;159,800003;157,399994;159,399994;149,328323;109725;0,25
02.02.2021;160,399994;163,399994;158,800003;159;148,953598;67568;-0,87
03.02.2021;161,600006;169,399994;161,600006;165;154,574478;154547;2,1
04.02.2021;165;168,800003;164,800003;168;157,384933;127657;1,82
05.02.2021;168,399994;170;167,800003;168,399994;157,759659;50407;0
08.02.2021;169,800003;171,199997;165,199997;165,800003;155,323929;118805;-2,36
09.02.2021;166;166;163,600006;164,800003;154,387115;69208;-0,72
10.02.2021;164,199997;165,600006;164;164,600006;154,199753;351176;0,24
11.02.2021;165;165;160,600006;162,399994;152,138748;99142;-1,58
12.02.2021;163,800003;164,399994;161;162,199997;151,951401;47149;-0,98
15.02.2021;162,199997;163,399994;158,800003;159,800003;149,703064;49324;-1,48
16.02.2021;159;161,600006;159;160;149,890411;58444;0,63
17.02.2021;160;163,600006;159,399994;162;151,764038;144113;1,25
18.02.2021;162,199997;162,600006;161;161;150,827225;172300;-0,74
19.02.2021;159,800003;171;159,800003;169;158,321732;145470;5,76
22.02.2021;170;170;164,399994;165;154,574478;68418;-2,94
23.02.2021;163;166;159,399994;162,800003;152,513489;93668;-0,12
24.02.2021;160,199997;164,399994;160,199997;163,399994;153,075562;48984;2
25.02.2021;166;166,199997;163,800003;164,800003;154,387115;93494;-0,72
26.02.2021;160;165,199997;159,600006;163,800003;153,450317;118744;2,38
01.03.2021;164,399994;174,399994;164,399994;173,199997;162,256378;166522;5,35
02.03.2021;173;173,600006;170,199997;172,399994;161,506912;109370;-0,35
03.03.2021;172,199997;173,199997;168,600006;168,600006;157,947037;98848;-2,09
04.03.2021;168;169,800003;167;168,800003;158,134399;50700;0,48
05.03.2021;169;173,600006;168,199997;171;160,195374;101771;1,18
08.03.2021;171,399994;173,600006;169,800003;172;161,132202;240459;0,35
09.03.2021;173,800003;175,600006;171,600006;172,800003;161,881653;211969;-0,58
10.03.2021;176;176;168,600006;171;160,195374;212704;-2,84
11.03.2021;172;174,600006;171,600006;172,600006;161,694275;152864;0,35
12.03.2021;171,800003;172;169,600006;170;159,25856;77774;-1,05
15.03.2021;170,600006;174;170,199997;171,600006;160,757462;185662;0,59
16.03.2021;172,199997;177;172,199997;175,800003;164,692078;190824;2,09
17.03.2021;179;181,600006;176;181;169,563522;254475;1,12
18.03.2021;181,199997;183,199997;178,399994;183;171,437149;124675;0,99
19.03.2021;183;185;178,800003;185;173,310791;1569047;1,09
22.03.2021;185;185,800003;182,199997;184;172,373962;267255;-0,54
23.03.2021;183,399994;184,399994;181,600006;181,600006;170,125626;168626;-0,98
24.03.2021;181,600006;181,600006;176,399994;177,600006;166,378372;53092;-2,2
25.03.2021;174;176,399994;173,399994;175,800003;164,692078;219873;1,03
26.03.2021;178,199997;181,600006;177,600006;181,199997;169,750885;372070;1,68
29.03.2021;183;185;181;185;173,310791;128688;1,09
30.03.2021;185;185,800003;182;184,199997;172,56134;267325;-0,43
31.03.2021;184,199997;187,399994;183,600006;186,199997;174,434967;439705;1,09
06.04.2021;193;195,600006;188,399994;188,600006;176,683334;176160;-2,28
07.04.2021;186;186;180;181,199997;169,750885;152189;-2,58
08.04.2021;180,199997;182,600006;180,199997;182;170,500336;121521;1
09.04.2021;182;187,199997;182;186,199997;174,434967;87970;2,31
12.04.2021;187;187,399994;183,800003;187,399994;175,559143;128484;0,21
13.04.2021;187,600006;190,600006;187,600006;190;177,994858;134868;1,28
14.04.2021;190;192;185,399994;183,600006;171,999252;191405;-3,37
15.04.2021;184,600006;186;181;182,199997;173,043945;66290;-1,3
16.04.2021;183;184,800003;182;184,399994;175,133392;89533;0,77
19.04.2021;184,399994;185,399994;180,800003;181,399994;172,284164;43310;-1,63
20.04.2021;180,199997;182,800003;178,199997;178,800003;169,814819;74753;-0,78
21.04.2021;178;179,800003;177;178,600006;169,624878;75855;0,34
22.04.2021;176,800003;182,800003;176,800003;182,399994;173,233917;55519;3,17
23.04.2021;183;184,600006;182,199997;184,199997;174,943466;51628;0,66
26.04.2021;184,800003;186,600006;183,399994;185,399994;176,083145;61666;0,32
27.04.2021;185,399994;185,399994;181,800003;181,800003;172,664078;60276;-1,94
28.04.2021;182,600006;184;180;184;174,75351;171350;0,77
29.04.2021;184,199997;185;180,399994;180,600006;171,524368;179907;-1,95
30.04.2021;180;184,199997;176,199997;183,399994;174,183655;135049;1,89
03.05.2021;184;184;181,399994;181,800003;172,664078;81658;-1,2
04.05.2021;181;181,800003;177,199997;178;169,055023;158932;-1,66
05.05.2021;179,199997;184;179,199997;183,399994;174,183655;82761;2,34
06.05.2021;183,600006;184;180;181,399994;172,284164;35924;-1,2
07.05.2021;183,600006;188;182,399994;188;178,55249;57416;2,4
10.05.2021;187,399994;187,399994;185,399994;186,199997;176,842957;30866;-0,64
11.05.2021;185;185,199997;180;180,800003;171,714325;71409;-2,27
12.05.2021;180,399994;182;178,199997;180;170,954529;50722;-0,22
14.05.2021;181;181,800003;177,600006;179,800003;170,764572;51745;-0,66
18.05.2021;182,399994;182,399994;177,199997;178,199997;169,244965;79182;-2,3
19.05.2021;180;180;176,199997;177,399994;168,485168;87255;-1,44
20.05.2021;176;181,399994;176;181;171,904266;42646;2,84
21.05.2021;181,800003;183,600006;179;183,600006;174,373627;63368;0,99
25.05.2021;183,600006;184,600006;182;184,600006;175,323364;47375;0,54
26.05.2021;185;186,399994;184,399994;185,399994;176,083145;41427;0,22
27.05.2021;186;187;184,399994;187;177,602753;119838;0,54
28.05.2021;187,399994;191,399994;186,399994;191,199997;181,591675;52379;2,03
31.05.2021;191;191,800003;188,399994;189,199997;179,692184;27493;-0,94
01.06.2021;190,199997;190,199997;188,199997;188,199997;178,742462;36996;-1,05
02.06.2021;190;191;187,800003;187,800003;178,362549;71260;-1,16
03.06.2021;187;189;185;186;176,653015;23815;-0,53
04.06.2021;186;190,600006;186;190;180,451996;25797;2,15
07.06.2021;190;191,800003;188,600006;188,800003;179,312286;55528;-0,63
08.06.2021;189;189;183,399994;183,399994;174,183655;73144;-2,96
09.06.2021;184,399994;184,800003;181;181;171,904266;30243;-1,84
10.06.2021;180,800003;181,399994;176,600006;176,800003;167,915344;72194;-2,21
11.06.2021;176,800003;182;176,800003;179,399994;170,384674;97774;1,47
14.06.2021;180;182;179;179,199997;170,194733;34810;-0,44
15.06.2021;178;178,800003;177,399994;178;169,055023;48859;0
16.06.2021;179;182,800003;178,399994;181;171,904266;58945;1,12
17.06.2021;180;181,399994;177,399994;177,399994;168,485168;36055;-1,44
18.06.2021;177;180;175,800003;178,600006;169,624878;116545;0,9
21.06.2021;177;179,800003;175,600006;178,600006;169,624878;32366;0,9
22.06.2021;178,199997;180,399994;178;179,399994;170,384674;47817;0,67
23.06.2021;180,199997;184,399994;180,199997;183,399994;174,183655;93650;1,78
24.06.2021;183,399994;183,800003;179,800003;179,800003;170,764572;23263;-1,96
25.06.2021;180;182,199997;180;182,199997;173,043945;31305;1,22
28.06.2021;181,600006;184,399994;181,600006;183;173,803757;24601;0,77
29.06.2021;183,399994;183,600006;182;183,600006;174,373627;20081;0,11
30.06.2021;183,199997;189;183,199997;188;178,55249;67932;2,62
01.07.2021;188,199997;188,399994;186;186,600006;177,222855;31302;-0,85
02.07.2021;187;189,800003;186,600006;189,800003;180,262054;29374;1,5
05.07.2021;189;192;189;189,600006;180,072098;38871;0,32
06.07.2021;190;193,600006;188,399994;191;181,401733;53636;0,53
07.07.2021;191,199997;191,600006;190,199997;190,399994;180,831894;38218;-0,42
08.07.2021;190;190,399994;185,600006;186,600006;177,222855;29740;-1,79
09.07.2021;185,199997;191,199997;185,199997;190,399994;180,831894;28199;2,81
12.07.2021;190,399994;192,199997;189,399994;191,199997;181,591675;45688;0,42
13.07.2021;192,600006;194,800003;191,199997;194;184,250992;38241;0,73
14.07.2021;192;194,800003;190,600006;192,800003;183,111298;67670;0,42
15.07.2021;197,399994;218,5;197,399994;213;202,296173;331515;7,9
16.07.2021;208;219,5;208;212,5;201,821304;145838;2,16
19.07.2021;212,5;213;208,5;210,5;199,921814;73631;-0,94
20.07.2021;211,5;216;208,5;213;202,296173;46990;0,71
21.07.2021;214;216,5;212;214;203,245926;68320;0
22.07.2021;214;215,5;211;213,5;202,771057;45409;-0,23
23.07.2021;213,5;223,5;212;222;210,843903;65535;3,98
26.07.2021;223,5;225;220,5;224,5;213,218277;74942;0,45
27.07.2021;225;225;221;223,5;212,268539;22871;-0,67
28.07.2021;225;231,5;223;231;219,391632;75994;2,67
29.07.2021;230;235;228,5;230,5;218,916763;128191;0,22
30.07.2021;230,5;232,5;226,5;230;218,441895;59050;-0,22
02.08.2021;231,5;232,5;226;227,5;216,06752;70506;-1,73
03.08.2021;227;228,5;224,5;227,5;216,06752;19806;0,22
04.08.2021;227,5;233;226;232;220,341385;33100;1,98
05.08.2021;232;232;227;229;217,492142;27102;-1,29
06.08.2021;228;228;222;222;210,843903;31561;-2,63
09.08.2021;222;225;220,5;225;213,693146;24589;1,35
10.08.2021;225;229,5;224;228;216,542404;26172;1,33
11.08.2021;226;228,5;222,5;224;212,743408;36829;-0,88
12.08.2021;226;230;224;230;218,441895;92657;1,77
13.08.2021;230;230;226,5;227;215,592636;38325;-1,3
16.08.2021;227;227,5;223,5;225;213,693146;21610;-0,88
17.08.2021;225;229,5;224;229;217,492142;60766;1,78
18.08.2021;228,5;230;225;226,5;215,117767;41203;-0,88
19.08.2021;224,5;224,5;220;223;211,793655;41412;-0,67
20.08.2021;216;226,5;216;226,5;215,117767;37828;4,86
23.08.2021;227;227;222;225;213,693146;33587;-0,88
24.08.2021;223;225,5;223;224,5;213,218277;16395;0,67
25.08.2021;224;225;222;225;213,693146;32050;0,45
26.08.2021;225,5;226,5;222,5;224,5;213,218277;24696;-0,44
27.08.2021;225,5;225,5;221,5;222,5;211,318787;39276;-1,33
30.08.2021;222;227;222;226,5;215,117767;27246;2,03
31.08.2021;226,5;231;225;227,5;216,06752;107722;0,44
01.09.2021;225,5;228,5;223;223;211,793655;50847;-1,11
02.09.2021;223;227;223;227;215,592636;31599;1,79
03.09.2021;227;230,5;226;228,5;217,017273;42365;0,66
06.09.2021;230;230,5;224,5;227,5;216,06752;17532;-1,09
07.09.2021;228;228;222;222;210,843903;106576;-2,63
08.09.2021;223,5;223,5;214;216;205,145432;57797;-3,36
09.09.2021;213,5;220,5;211,5;220;208,944412;67984;3,04
10.09.2021;220,5;221,5;219;221,5;210,369034;145129;0,45
13.09.2021;220;223;219;222,5;211,318787;27519;1,14
14.09.2021;219,5;224;219,5;220,5;209,419296;25859;0,46
15.09.2021;220;221,5;216;217;206,095169;29478;-1,36
16.09.2021;217;219;215;215;204,195694;57679;-0,92
17.09.2021;215,5;220,5;209;209;198,497192;225789;-3,02
20.09.2021;208,5;209;202;206,5;196,122833;57193;-0,96
21.09.2021;210,5;221;210;219;207,994675;162470;4,04
22.09.2021;221,5;222;213;213;202,296173;125352;-3,84
23.09.2021;214;216;212,5;215;204,195694;66202;0,47
24.09.2021;213;215,5;212;213;202,296173;45021;0
27.09.2021;213;214,5;208,5;209;198,497192;66065;-1,88
28.09.2021;207;208;202,5;207;196,597702;56238;0
29.09.2021;207;212,5;206;209,5;198,972076;198353;1,21
30.09.2021;209,5;215;209;212,5;201,821304;194528;1,43
01.10.2021;210;213,5;206;212;201,346436;239522;0,95
04.10.2021;210,5;210,5;202,5;204;193,748459;183009;-3,09
05.10.2021;202,5;209,5;202,5;209,5;198,972076;163057;3,46
06.10.2021;209,5;209,5;205;207;196,597702;137906;-1,19
07.10.2021;214;217;210;213,5;202,771057;402922;-0,23
08.10.2021;214,5;218,5;213;214;203,245926;50133;-0,23
11.10.2021;214;216;209;212;201,346436;140068;-0,93
12.10.2021;212;216;211;215,5;204,670563;64329;1,65
13.10.2021;216;217;213,5;216,5;205,6203;30310;0,23
14.10.2021;217;220;217;219,5;208,469543;83105;1,15
15.10.2021;220;225;220;222;210,843903;79123;0,91
18.10.2021;225,5;227;223;223;211,793655;61679;-1,11
19.10.2021;226,5;226,5;222;222;210,843903;121166;-1,99
20.10.2021;225;225;220;223,5;212,268539;57619;-0,67
21.10.2021;224;225,5;213;214,5;203,72081;82869;-4,24
22.10.2021;213,5;215;209;215;204,195694;168175;0,7
25.10.2021;213,5;214;208,5;209;198,497192;81212;-2,11
26.10.2021;209;209,5;205,5;208;197,547455;96749;-0,48
27.10.2021;208;212,5;207;209,5;198,972076;91483;0,72
28.10.2021;208;209,5;203,5;206,5;196,122833;109005;-0,72
29.10.2021;206,5;207;202,5;205;194,698196;69074;-0,73
01.11.2021;207;210;205,5;207,5;197,072571;179189;0,24
02.11.2021;207,5;211;205;211;200,396683;58477;1,69
03.11.2021;210;217;210;217;206,095169;108515;3,33
04.11.2021;217;218,5;212;217;206,095169;233898;0
05.11.2021;216,5;218;212;214,5;203,72081;52685;-0,92
08.11.2021;214;219;213;218;207,044907;51642;1,87
09.11.2021;220;220;214,5;215;204,195694;37825;-2,27
10.11.2021;215;216;212,5;215;204,195694;46780;0
11.11.2021;213;218;213;218;207,044907;41182;2,35
12.11.2021;218;222;217,5;220,5;209,419296;30387;1,15
15.11.2021;219,5;221;217;218;207,044907;28816;-0,68
16.11.2021;218;218,5;216;217;206,095169;34315;-0,46
17.11.2021;217;220,5;214,5;220,5;209,419296;102949;1,61
18.11.2021;220,5;223;218;220,5;209,419296;80073;0
19.11.2021;219;225;219;224;212,743408;36266;2,28
22.11.2021;220,5;226,5;220,5;225;213,693146;34589;2,04
23.11.2021;223;226,5;222;226,5;215,117767;59350;1,57
24.11.2021;222,5;224,5;219;222,5;211,318787;198706;0
25.11.2021;222;225;221;222;210,843903;22085;0
26.11.2021;216;221;214;218,5;207,519775;61324;1,16
29.11.2021;218;220,5;215;217,5;206,570038;227930;-0,23
30.11.2021;215;216,5;213;216;205,145432;45105;0,47
01.12.2021;216;220;213,5;220;208,944412;43765;1,85
02.12.2021;218;219;216;218;207,044907;32816;0
03.12.2021;218;220,5;217,5;218,5;207,519775;33888;0,23
06.12.2021;218;220;213;213;202,296173;45856;-2,29
07.12.2021;214;217;213,5;215;204,195694;83340;0,47
08.12.2021;214;217;213;213;202,296173;46841;-0,47
09.12.2021;212;213,5;210,5;212,5;201,821304;32110;0,24
10.12.2021;212,5;212,5;209;209;198,497192;40315;-1,65
13.12.2021;209;213,5;209;209,5;198,972076;94038;0,24
14.12.2021;212;212;205;205;194,698196;78205;-3,3
15.12.2021;206;210;204;210;199,44693;142226;1,94
16.12.2021;210;212,5;206,5;209;198,497192;80314;-0,48
17.12.2021;210;210;207;207,5;197,072571;375598;-1,19
20.12.2021;207;208,5;203,5;206;195,647964;134309;-0,48
21.12.2021;207,5;212;207,5;210,5;199,921814;319770;1,45
22.12.2021;211;211,5;209;211,5;200,871567;103098;0,24
23.12.2021;214;214;211;213,5;202,771057;58988;-0,23
27.12.2021;213,5;217,5;212,5;217,5;206,570038;27681;1,87
28.12.2021;218;223;218;220;208,944412;34442;0,92
29.12.2021;221,5;222;217,5;220,5;209,419296;36779;-0,45
30.12.2021;220;222;219;222;210,843903;34016;0,91
03.01.2022;223;223;217;217;206,095169;21142;-2,69
04.01.2022;217,5;220;215,5;216;205,145432;33994;-0,69
05.01.2022;216,5;217;215;215;204,195694;45504;-0,69
06.01.2022;214;215,5;211;215;204,195694;28210;0,47
07.01.2022;215;215,5;212;213,5;202,771057;34535;-0,7
10.01.2022;216;216;206,5;208,5;198,022324;38807;-3,47
11.01.2022;210;211;208;210;199,44693;45878;0
12.01.2022;212;216;210;214,5;203,72081;69604;1,18
13.01.2022;219;222;215;215,5;204,670563;77667;-1,6
14.01.2022;215,5;215,5;210,5;213;202,296173;71595;-1,16
17.01.2022;216;216;211;212;201,346436;20717;-1,85
18.01.2022;210;212;207;210,5;199,921814;93095;0,24
19.01.2022;210;211;208,5;211;200,396683;32290;0,48
20.01.2022;212;213,5;208,5;213,5;202,771057;44399;0,71
21.01.2022;210;210,5;208;208,5;198,022324;39904;-0,71
24.01.2022;207;208;200,5;201,5;191,3741;82712;-2,66
25.01.2022;201,5;207;201;206,5;196,122833;43787;2,48
26.01.2022;207;211,5;205;211;200,396683;61065;1,93
27.01.2022;206;210;204;210;199,44693;40723;1,94
28.01.2022;211;211,5;206,5;207;196,597702;31148;-1,9
31.01.2022;212;212;206,5;208;197,547455;38028;-1,89
01.02.2022;209;210,5;208;210;199,44693;48866;0,48
02.02.2022;208,5;212;208,5;210,5;199,921814;80818;0,96
03.02.2022;211,5;214;203,5;211;200,396683;182126;-0,24
04.02.2022;214,5;215;204,5;207;196,597702;104107;-3,5
07.02.2022;208;208;203;206,5;196,122833;49525;-0,72
08.02.2022;205,5;206,5;198,600006;199,399994;189,379608;72993;-2,97
09.02.2022;199;205,5;199;204;193,748459;66387;2,51
10.02.2022;205;205,5;199,800003;201,5;191,3741;110672;-1,71
11.02.2022;201;205,5;199,800003;204,5;194,223328;46929;1,74
14.02.2022;205,5;205,5;200,5;202;191,848969;81131;-1,7
15.02.2022;201;203;200;203;192,798706;64211;1
16.02.2022;203,5;206,5;203,5;204,5;194,223328;133208;0,49
17.02.2022;204,5;205;200;201,5;191,3741;59573;-1,47
18.02.2022;201,5;201,5;194,199997;197,399994;187,480133;178604;-2,03
21.02.2022;198;198;187,399994;189;179,502243;299965;-4,55
22.02.2022;185;193,199997;184,600006;190,399994;180,831894;140152;2,92
23.02.2022;189,800003;194,199997;189,800003;193;183,301254;51578;1,69
24.02.2022;191,800003;191,800003;183,800003;189,199997;179,692184;149618;-1,36
25.02.2022;189;192;188,399994;189,600006;180,072098;68175;0,32
28.02.2022;189;195,399994;188;194,600006;184,820847;80295;2,96
01.03.2022;196;196;191,600006;196;186,150467;28053;0
02.03.2022;191,600006;196;191,600006;192,800003;183,111298;51207;0,63
03.03.2022;192;195;190,800003;190,800003;181,211807;33133;-0,62
04.03.2022;190;190;185,399994;185,399994;176,083145;55031;-2,42
07.03.2022;180;181;174,199997;175;166,20578;127430;-2,78
08.03.2022;172;177,399994;170,399994;171,600006;162,976639;97475;-0,23
09.03.2022;172;178,199997;172;176;167,155533;101658;2,33
10.03.2022;178;179,800003;176;178,199997;169,244965;45771;0,11
11.03.2022;178,199997;179,800003;174;177,399994;168,485168;57934;-0,45
14.03.2022;177;185,199997;177;184,199997;174,943466;61006;4,07
15.03.2022;185,199997;185,199997;179;181,399994;172,284164;61405;-2,05
16.03.2022;185,600006;187;184;185,199997;175,893204;36528;-0,22
17.03.2022;190;190,399994;184;184,199997;174,943466;46796;-3,05
18.03.2022;184,600006;185,800003;182,399994;184,600006;175,323364;105821;0
21.03.2022;185;187;184,800003;186;176,653015;38677;0,54
22.03.2022;188;188,199997;185,199997;186,199997;176,842957;39155;-0,96
23.03.2022;187;189,199997;182,800003;184;174,75351;45734;-1,6
24.03.2022;183;184,800003;180,600006;180,800003;171,714325;47967;-1,2
25.03.2022;183;183;179,600006;179,600006;170,574631;37224;-1,86
28.03.2022;180;181,600006;178,800003;178,800003;169,814819;30558;-0,67
29.03.2022;179;184,800003;179;182,399994;173,233917;74554;1,9
30.03.2022;182;182,800003;178,399994;180,199997;171,14447;55599;-0,99
31.03.2022;181;182,600006;174,399994;174,399994;165,635941;112312;-3,65
01.04.2022;174,399994;176,600006;174,199997;176,199997;167,345474;53246;1,03
04.04.2022;176,399994;178,399994;175,199997;178,399994;169,434921;51576;1,13
05.04.2022;179;180;173,199997;174,600006;165,825897;102364;-2,46
06.04.2022;178,199997;181,600006;176,800003;180;170,954529;139768;1,01
07.04.2022;182;187,800003;180,600006;178,600006;169,624878;128985;-1,87
08.04.2022;183;183;177,199997;179,399994;172,558563;71309;-1,97
11.04.2022;180;180,199997;173,600006;174,399994;167,749237;66945;-3,11
12.04.2022;173;173,800003;171,600006;172,600006;166,017883;56160;-0,23
13.04.2022;174;174;171,199997;172,800003;166,210266;41187;-0,69
19.04.2022;173,399994;173,800003;171;171,199997;164,671265;38248;-1,27
20.04.2022;171,199997;174;171;173,199997;166,595001;34121;1,17
21.04.2022;175;179,600006;173,800003;178,199997;171,404312;41344;1,83
22.04.2022;177;178,399994;173,399994;176;169,288223;63423;-0,56
25.04.2022;174;176;170,800003;173,800003;167,172119;49899;-0,11
26.04.2022;175;180,600006;174;178;171,211945;60212;1,71
27.04.2022;177;179,600006;174,600006;176;169,288223;46830;-0,56
28.04.2022;176;180,800003;176;179;172,173813;30186;1,7
29.04.2022;180;182,800003;179,800003;180;173,135681;45187;0
02.05.2022;179;181;172;180,399994;173,520416;49609;0,78
03.05.2022;185,399994;187;177;183,800003;176,790771;117300;-0,86
04.05.2022;183;185,399994;181,600006;185,399994;178,329742;67425;1,31
05.05.2022;185;187;185;187;179,868729;76595;1,08
06.05.2022;186;186;181,399994;183,399994;176,406021;68546;-1,4
09.05.2022;184;184;178,600006;180;173,135681;126595;-2,17
10.05.2022;180;184,199997;179,199997;182,600006;175,636536;81730;1,44
11.05.2022;185;185;180,800003;182,199997;175,25177;125396;-1,51
12.05.2022;181;183;178,199997;182,600006;175,636536;46810;0,88
13.05.2022;183;183;180;182;175,059418;93820;-0,55
16.05.2022;182,600006;185,199997;181,600006;184,600006;177,560257;63491;1,1
18.05.2022;185;187;183,199997;184,600006;177,560257;79674;-0,22
19.05.2022;187;187;179,800003;180,199997;173,328049;44230;-3,64
20.05.2022;182;184,199997;180;180;173,135681;61785;-1,1
23.05.2022;180;181,399994;177,399994;180;173,135681;69848;0
24.05.2022;181;181;176;176,199997;169,480591;50515;-2,65
25.05.2022;176;177,399994;174,199997;176;169,288223;142101;0
27.05.2022;177;180,600006;177;179,600006;172,750946;98898;1,47
30.05.2022;179;183;179;180;173,135681;42352;0,56
31.05.2022;183;184,600006;179;184,600006;177,560257;220971;0,87
01.06.2022;185;188,600006;184,399994;187,199997;180,061096;80406;1,19
02.06.2022;190;190;186,199997;186,199997;179,099243;39047;-2
03.06.2022;186;187,600006;184,800003;184,800003;177,752625;17409;-0,65
07.06.2022;185;185;181,399994;183,399994;176,406021;29278;-0,86
08.06.2022;181;184,800003;181;184,399994;177,367874;135758;1,88
09.06.2022;184;185,600006;181,800003;184,600006;177,560257;28140;0,33
10.06.2022;185;185,199997;183,600006;184,600006;177,560257;163849;-0,22
13.06.2022;182,199997;183,800003;179,800003;182,600006;175,636536;64020;0,22
14.06.2022;180,600006;183,199997;175,600006;179,399994;172,558563;62427;-0,66
15.06.2022;178;179,600006;175,800003;176,600006;169,865341;143954;-0,79
16.06.2022;178;178;169,800003;171,199997;164,671265;57897;-3,82
17.06.2022;171,199997;174;169;169;162,555161;56446;-1,29
20.06.2022;169;169,800003;164,399994;165,199997;158,90007;49396;-2,25
21.06.2022;167;167,800003;163;163,600006;157,361099;52871;-2,04
22.06.2022;163;163;158,399994;159;152,936523;48665;-2,45
23.06.2022;159;159,399994;156;157;151,012787;47324;-1,26
24.06.2022;156,600006;159;156,399994;158,600006;152,551773;48902;1,28
27.06.2022;159,199997;164;158,199997;162,199997;156,014496;84765;1,88
28.06.2022;162;164,399994;162;163,800003;157,553482;47828;1,11
29.06.2022;164,800003;164,800003;159,600006;160,399994;154,283112;24056;-2,67
30.06.2022;160,199997;160,600006;156;160,199997;154,090744;48127;0
01.07.2022;160;161,600006;158,199997;161;154,860245;60947;0,63
04.07.2022;161,199997;163,600006;160;163,600006;157,361099;30652;1,49
05.07.2022;164,199997;166,199997;163,199997;165,199997;158,90007;176899;0,61
06.07.2022;165;169,399994;165;168;161,593307;38138;1,82
07.07.2022;168,399994;172,199997;168,399994;171,800003;165,248383;49646;2,02
08.07.2022;164,199997;168;156,399994;157;151,012787;452521;-4,38
11.07.2022;156,399994;156,399994;150,800003;155,199997;149,281433;119443;-0,77
12.07.2022;155,199997;155,199997;151,800003;152,399994;146,588211;78023;-1,8
13.07.2022;152,199997;153;149,800003;151,199997;145,43396;41261;-0,66
14.07.2022;151;151,800003;149,399994;150,199997;144,472107;234750;-0,53
15.07.2022;154,600006;166,399994;148;166,399994;160,054321;153784;7,63
18.07.2022;166,600006;166,600006;160;164,199997;157,938217;94784;-1,44
19.07.2022;165;166;160,399994;166;159,669571;59449;0,61
20.07.2022;166;169,199997;165,800003;168;161,593307;49702;1,2
21.07.2022;167;167,600006;164,600006;166,199997;159,861954;37575;-0,48
22.07.2022;169;169,800003;167;168;161,593307;41953;-0,59
25.07.2022;168;168,199997;164,600006;166,199997;159,861954;37907;-1,07
26.07.2022;166,600006;167,199997;162,399994;163,199997;156,976349;26836;-2,04
27.07.2022;165;165;162,399994;164,199997;157,938217;26559;-0,48
28.07.2022;165;167,399994;164,800003;166,399994;160,054321;29838;0,85
29.07.2022;165,399994;173,399994;165,399994;173;166,402634;59831;4,59
01.08.2022;171,199997;177,800003;171,199997;175;168,326355;88189;2,22
02.08.2022;177;177;172,399994;173,600006;166,979752;30887;-1,92
03.08.2022;177;177;169,600006;172,399994;165,8255;70344;-2,6
04.08.2022;173;175,399994;172;172;165,440765;47726;-0,58
05.08.2022;172;174,800003;170,399994;171,600006;165,056015;23278;-0,23
08.08.2022;171;171,600006;169,800003;170,399994;163,901779;26243;-0,35
09.08.2022;171,199997;171,199997;168,199997;169;162,555161;21981;-1,29
10.08.2022;168;170,600006;165,800003;170,199997;163,709412;27038;1,31
11.08.2022;170,600006;172,199997;167,800003;168,199997;161,785675;15459;-1,41
12.08.2022;168,199997;170,399994;167,600006;169;162,555161;28337;0,48
15.08.2022;170;170;167,800003;168,800003;162,362808;24123;-0,71
16.08.2022;170;170;166,399994;167,800003;161,40094;100706;-1,29
17.08.2022;167,600006;172;167;171;164,478897;62967;2,03
18.08.2022;167,800003;170,800003;164,600006;169,800003;163,324661;55770;1,19
19.08.2022;169;170,199997;168,399994;169,600006;163,132294;31888;0,36
22.08.2022;168;169;166,800003;167,199997;160,823807;66910;-0,48
23.08.2022;167,199997;167,199997;163,800003;165,600006;159,284836;36896;-0,96
24.08.2022;164;167,199997;163,199997;166,399994;160,054321;42370;1,46
25.08.2022;165,800003;166,600006;161,199997;161,399994;155,244995;49126;-2,65
26.08.2022;163;163;158,800003;159,399994;153,321259;38033;-2,21
29.08.2022;159;159;154,399994;154,600006;148,704315;41395;-2,77
30.08.2022;156;156,399994;151,800003;151,800003;146,011093;44208;-2,69
31.08.2022;153;153,399994;151;151,800003;146,011093;64849;-0,78
01.09.2022;151,800003;151,800003;146,399994;148,399994;142,740753;76693;-2,24
02.09.2022;147;148,399994;143,399994;144,199997;138,700912;84630;-1,9
05.09.2022;144,800003;146;142;145;139,470398;46759;0,14
06.09.2022;145;145,399994;139,800003;140,800003;135,430573;62507;-2,9
07.09.2022;140;141,199997;138,399994;139,800003;134,468719;111860;-0,14
08.09.2022;140;142,600006;138,199997;139,199997;133,891586;68066;-0,57
09.09.2022;141;143,399994;140;143;137,546677;65667;1,42
12.09.2022;144;144;140,399994;142,199997;136,777191;33583;-1,25
13.09.2022;143;144,800003;140,600006;140,800003;135,430573;42265;-1,54
14.09.2022;141;141;138;138;132,73735;35755;-2,13
15.09.2022;138;141,199997;138;140,399994;135,045822;67505;1,74
16.09.2022;141;141;134;134,600006;129,467026;274695;-4,54
19.09.2022;134,600006;135,800003;131;135,399994;130,236511;80201;0,59
20.09.2022;135;136,199997;132,600006;134,199997;129,08226;85440;-0,59
21.09.2022;133,199997;135,199997;133;134;128,889893;68257;0,6
22.09.2022;133,600006;134,800003;131,800003;131,800003;126,773788;29397;-1,35
23.09.2022;132;132,199997;129;130,199997;125,23481;63172;-1,36
26.09.2022;129;131;127,199997;129;124,080574;89432;0
27.09.2022;129;129,800003;127,800003;129,800003;124,850067;59297;0,62
28.09.2022;127,400002;128;124;127,599998;122,733955;56105;0,16
29.09.2022;128;128;125;125,599998;120,810226;57149;-1,88
30.09.2022;124,599998;129,800003;124,599998;128,600006;123,695831;100391;3,21
03.10.2022;129;133,600006;128,399994;132;126,966164;37760;2,33
04.10.2022;134;137;132,800003;134,800003;129,659393;45649;0,6
05.10.2022;136;136;132,600006;132,800003;127,735664;28499;-2,35
06.10.2022;132,199997;133,800003;130,399994;132;126,966164;35037;-0,15
07.10.2022;133;133,199997;129,600006;130,399994;125,427177;25728;-1,95
10.10.2022;130,399994;131,600006;127,199997;130;125,042435;82391;-0,31
11.10.2022;131;131;126,199997;126,800003;121,96447;33623;-3,21
12.10.2022;126,199997;127,199997;124,400002;125,599998;120,810226;53696;-0,48
13.10.2022;125,599998;126,199997;122,599998;124;119,271248;66757;-1,27
14.10.2022;125,400002;127,599998;124,199997;124,599998;119,848366;102355;-0,64
17.10.2022;124,400002;130,600006;124;130,600006;125,61956;44079;4,98
18.10.2022;132;133,600006;131,199997;132;126,966164;74710;0
19.10.2022;134;135;131,800003;135;129,851761;82412;0,75
20.10.2022;136;136;131,399994;133,800003;128,697525;24468;-1,62
21.10.2022;135;140,399994;134,399994;139;133,699219;69285;2,96
24.10.2022;141;143,600006;135,399994;142,800003;137,354309;115728;1,28
25.10.2022;143,399994;145,600006;140,600006;145,399994;139,855148;54411;1,39
26.10.2022;147,600006;148,199997;144;147,399994;141,77887;86948;-0,14
27.10.2022;149,199997;149,199997;140,800003;142,399994;136,969543;67035;-4,56
28.10.2022;143;143,600006;140,800003;142,800003;137,354309;54824;-0,14
31.10.2022;143,399994;144,399994;139,800003;139,800003;134,468719;83213;-2,51
01.11.2022;142;145,399994;141,600006;141,800003;136,392456;73931;-0,14
02.11.2022;142;142;137,199997;137,199997;131,967865;69136;-3,38
03.11.2022;136;137,199997;133;135;129,851761;47687;-0,74
04.11.2022;135;138,600006;135;137,800003;132,544998;46773;2,07
07.11.2022;137,800003;140;137,800003;138,800003;133,506851;45472;0,73
08.11.2022;138;140;137;139,399994;134,083969;79710;1,01
09.11.2022;139,399994;141,199997;139,399994;140;134,661087;58055;0,43
10.11.2022;142;146,399994;139;146,399994;140,817017;94532;3,1
11.11.2022;147,800003;147,800003;143;144;138,508545;116916;-2,57
14.11.2022;146,800003;148,399994;144,199997;148,399994;142,740753;70875;1,09
15.11.2022;148,399994;148,800003;146,600006;147,600006;141,971268;83584;-0,54
16.11.2022;148,600006;149,399994;142,399994;142,399994;136,969543;86443;-4,17
17.11.2022;144;148,399994;142,600006;148,199997;142,54837;132516;2,92
18.11.2022;147,800003;155,600006;146,800003;153,600006;147,742447;135262;3,92
21.11.2022;155;155,199997;151,199997;153;147,165329;122439;-1,29
22.11.2022;158;158;153;157;151,012787;105926;-0,63
23.11.2022;158;162;156,399994;160,199997;154,090744;167728;1,39
24.11.2022;160;161,199997;157,399994;160;153,898392;115366;0
25.11.2022;162;162;156;156,800003;150,820419;52977;-3,21
28.11.2022;155;158,199997;155;158,199997;152,167023;44646;2,06
29.11.2022;157,600006;159;156,600006;158;151,97464;31981;0,25
30.11.2022;158;159,199997;156,399994;156,600006;150,628052;224247;-0,89
01.12.2022;161,399994;161,800003;158;161;154,860245;67250;-0,25
02.12.2022;162;162;159;160,600006;154,47551;71323;-0,86
05.12.2022;162,199997;162,199997;159,600006;160;153,898392;102112;-1,36
06.12.2022;160;162,399994;159;160,199997;154,090744;70374;0,12
07.12.2022;160;160;157,600006;159,800003;153,706024;62943;-0,12
08.12.2022;158;158,600006;156,199997;157,600006;151,58992;50407;-0,25
09.12.2022;159;161,199997;157,600006;161,199997;155,052612;24631;1,38
12.12.2022;161;161;157,800003;159,399994;153,321259;49338;-0,99
13.12.2022;159;162,600006;156,600006;162;155,822113;90423;1,89
14.12.2022;160,399994;160,399994;158;158,399994;152,35939;116451;-1,25
15.12.2022;158,399994;158,399994;154,399994;155,399994;149,473801;27285;-1,89
16.12.2022;158,399994;158,399994;151,199997;154,199997;148,319565;140171;-2,65
19.12.2022;155;155;150;152,800003;146,972961;134930;-1,42
20.12.2022;151,800003;153,199997;150,399994;152,199997;146,395828;76147;0,26
21.12.2022;154;154,199997;151;152,199997;146,395828;82889;-1,17
22.12.2022;154;154,399994;150,600006;152;146,203461;26241;-1,3
23.12.2022;151;152,800003;150,800003;152,600006;146,780594;15365;1,06
27.12.2022;152,199997;154,399994;152,199997;154,399994;148,511932;17559;1,45
28.12.2022;153,800003;154,199997;151,199997;152,600006;146,780594;32408;-0,78
29.12.2022;154;154;151;153,600006;147,742447;35383;-0,26
30.12.2022;154;154;150,399994;152;146,203461;34038;-1,3
02.01.2023;153;153,399994;152;153;147,165329;10418;0
03.01.2023;153,800003;154,399994;151,600006;154,199997;148,319565;38674;0,26
04.01.2023;155;156,199997;152,199997;156,199997;150,243286;27333;0,77
05.01.2023;156;158;154,399994;158;151,97464;32332;1,28
06.01.2023;158;160,800003;156,800003;158,199997;152,167023;48530;0,13
09.01.2023;160,199997;164,399994;160;162,399994;156,206848;55646;1,37
10.01.2023;162,399994;164,800003;160,600006;162,600006;156,399231;37164;0,12
11.01.2023;164,800003;164,800003;159;160,199997;154,090744;45952;-2,79
12.01.2023;161,199997;161,600006;158,199997;159,199997;153,128891;27998;-1,24
13.01.2023;160,800003;160,800003;154,199997;154,600006;148,704315;80372;-3,86
16.01.2023;156,600006;156,600006;151,399994;151,600006;145,818726;72051;-3,19
17.01.2023;151;155,399994;151;154,800003;148,896698;26715;2,52
18.01.2023;153;155,199997;153;154,600006;148,704315;32785;1,05
19.01.2023;153;155,199997;152,600006;154,800003;148,896698;33473;1,18
20.01.2023;155;155;153,199997;153,600006;147,742447;203668;-0,9
23.01.2023;153;153,600006;150,199997;151;145,241608;39629;-1,31
24.01.2023;151;154;151;151,800003;146,011093;59690;0,53
25.01.2023;153;153,399994;151,199997;153;147,165329;191990;0
26.01.2023;152,600006;154,800003;151,800003;152,800003;146,972961;386827;0,13
27.01.2023;153;157;152,800003;156,600006;150,628052;39778;2,35
30.01.2023;156,600006;156,600006;152,399994;153,800003;147,934814;34464;-1,79
31.01.2023;155;155;152;153,600006;147,742447;80110;-0,9
01.02.2023;155,800003;161;155,800003;160,399994;154,283112;109056;2,95
02.02.2023;164,199997;176,800003;164,199997;175,800003;169,09584;186568;7,06
03.02.2023;176,600006;181;173,399994;181;174,097549;209388;2,49
06.02.2023;180,600006;182;177,600006;181,800003;174,86705;108267;0,66
07.02.2023;187,600006;188,399994;181,600006;184,399994;177,367874;62892;-1,71
08.02.2023;187;190,199997;183,800003;187,600006;180,445862;165027;0,32
09.02.2023;186,800003;186,800003;180,600006;180,600006;173,712799;83191;-3,32
10.02.2023;180,199997;180,199997;175,199997;176,600006;169,865341;58688;-2
13.02.2023;176;177,399994;174,399994;175,800003;169,09584;62758;-0,11
14.02.2023;177,199997;181,600006;176;180,800003;173,905182;41902;2,03
15.02.2023;179;183,199997;178,600006;182,600006;175,636536;141863;2,01
16.02.2023;183;185,199997;182,600006;185,199997;178,137375;47622;1,2
17.02.2023;184;184,800003;182,199997;183,600006;176,598404;46459;-0,22
20.02.2023;184;186;183,199997;183,199997;176,213654;134702;-0,43
21.02.2023;182,800003;183,199997;178,399994;178,399994;171,596695;59610;-2,41
22.02.2023;179;179;177;177,600006;170,827225;35801;-0,78
23.02.2023;178,600006;179,399994;177,399994;178,199997;171,404312;90965;-0,22
24.02.2023;175,199997;180,199997;175,199997;178,199997;171,404312;37879;1,71
27.02.2023;179;181,199997;178,399994;180,800003;173,905182;26731;1,01
28.02.2023;179;179;176,199997;176,199997;169,480591;82997;-1,56
01.03.2023;175,199997;179;172,199997;178,399994;171,596695;68693;1,83
02.03.2023;177;178,399994;176,399994;176,800003;170,057724;37533;-0,11
03.03.2023;177,600006;179;177,600006;178,800003;171,981445;23610;0,68
06.03.2023;176,800003;178,399994;175,399994;176,600006;169,865341;39894;-0,11
07.03.2023;176,399994;176,399994;171,399994;171,600006;165,056015;82906;-2,72
08.03.2023;171;172;168,800003;170,800003;164,28653;57335;-0,12
09.03.2023;170;172,600006;169,800003;171,800003;165,248383;24202;1,06
10.03.2023;170;172,600006;169,800003;172,600006;166,017883;126369;1,53
13.03.2023;169;173;169;171,199997;164,671265;54006;1,3
14.03.2023;170,399994;172,399994;169,800003;172;165,440765;63954;0,94
15.03.2023;172;173;165,399994;165,800003;159,477203;70367;-3,6
16.03.2023;167,800003;169,399994;167;169,199997;162,747528;85726;0,83
17.03.2023;170,199997;173;166;167,800003;161,40094;97916;-1,41
20.03.2023;166,800003;168,800003;163,800003;168,199997;161,785675;22681;0,84
21.03.2023;169;171,800003;168,199997;171,399994;164,863632;54282;1,42
22.03.2023;172;172;166,600006;168,600006;162,170441;27097;-1,98
23.03.2023;169;169;166,199997;168,199997;161,785675;26028;-0,47
24.03.2023;167;167,600006;164;164;157,74585;56811;-1,8
27.03.2023;165,600006;170;164,800003;169,800003;163,324661;51266;2,54
28.03.2023;170;170;162,800003;165;158,707703;42766;-2,94
29.03.2023;167;169,800003;165,399994;169;162,555161;69304;1,2
30.03.2023;170;174,199997;168,600006;174,199997;167,556854;144865;2,47
31.03.2023;175;175,399994;173;174,800003;168,133987;39803;-0,11
03.04.2023;175;176;172;172,199997;165,633133;31517;-1,6
04.04.2023;175;175;171,399994;171,399994;164,863632;21310;-2,06
05.04.2023;174;174;170;171;164,478897;8569;-1,72
11.04.2023;173;173;170,399994;171,199997;164,671265;30542;-1,04
12.04.2023;172;172;169,399994;170;163,517029;36251;-1,16
13.04.2023;171;172,199997;170,199997;172,199997;165,633133;25941;0,7
14.04.2023;173;175,800003;171;175,800003;169,09584;105509;1,62
17.04.2023;176,199997;180;175;176;169,288223;54018;-0,11
18.04.2023;178;178;175,199997;172,399994;165,8255;113629;-3,15
19.04.2023;172;174,199997;169;174,199997;170,77626;119956;1,28
20.04.2023;174,199997;174,800003;172,199997;173,800003;170,384125;27539;-0,23
21.04.2023;171,600006;173,800003;169,399994;173,800003;170,384125;118264;1,28
24.04.2023;173,600006;175,199997;172,600006;173,199997;169,795914;91842;-0,23
25.04.2023;173;174;169,800003;173,600006;170,188049;107906;0,35
26.04.2023;177;177;171,600006;173;169,599838;85393;-2,26
27.04.2023;176;178,600006;172,600006;178,600006;175,089783;83034;1,48
28.04.2023;179,600006;179,600006;175,399994;178,199997;174,697632;75246;-0,78
02.05.2023;180;184,399994;179,199997;182,199997;178,619019;178761;1,22
03.05.2023;184,399994;184,800003;178,800003;184,800003;181,167923;113515;0,22
04.05.2023;184,800003;184,800003;176,800003;182,399994;178,815094;132480;-1,3
05.05.2023;184,600006;184,600006;181,399994;183;179,403305;50053;-0,87
08.05.2023;183,199997;186;182,199997;186;182,344345;69649;1,53
09.05.2023;186;188,600006;180,800003;181,800003;178,226883;306313;-2,26
10.05.2023;181,800003;185,199997;177;184,600006;180,971863;92415;1,54
11.05.2023;184;186;184;186;182,344345;89312;1,09
12.05.2023;186;190;186;188,199997;184,501099;86352;1,18
15.05.2023;189,199997;191,199997;186,800003;187,800003;184,108963;67470;-0,74
16.05.2023;188;190,399994;186,399994;186,399994;182,736465;105796;-0,85
19.05.2023;188,199997;192,199997;188,199997;192,199997;188,422485;46559;2,13
22.05.2023;191,399994;191,800003;188,399994;188,600006;184,89325;129478;-1,46
23.05.2023;188,600006;190,399994;187,399994;188;184,305023;76802;-0,32
24.05.2023;187,199997;187,800003;184,600006;186,800003;183,128616;39535;-0,21
25.05.2023;187,399994;188,600006;186;186;182,344345;57359;-0,75
26.05.2023;190;190;184;184;180,383652;57231;-3,16
30.05.2023;184,199997;186,800003;183;184,199997;180,579712;110693;0
31.05.2023;184,199997;187,199997;182,600006;184,600006;180,971863;181913;0,22
01.06.2023;184;185;180,399994;184,600006;180,971863;189995;0,33
02.06.2023;187,800003;190;185,199997;190;186,265717;78758;1,17
05.06.2023;190;190,399994;185,399994;185,399994;181,756119;44325;-2,42
06.06.2023;184,600006;184,800003;182;184,800003;181,167923;87781;0,11
07.06.2023;184;185,399994;183;185;181,363998;60834;0,54
08.06.2023;184,399994;185,600006;183,600006;183,600006;179,991516;70960;-0,43
09.06.2023;184;185;182;182,600006;179,011169;208635;-0,76
12.06.2023;182,399994;183,399994;180,399994;180,800003;177,246536;85794;-0,88
13.06.2023;180,800003;180,800003;177,600006;178,800003;175,285858;97256;-1,11
14.06.2023;178,399994;180,199997;177,800003;179,800003;176,26619;46104;0,78
15.06.2023;180;180;175,800003;176,800003;173,325165;34209;-1,78
16.06.2023;176;176,800003;175;175,600006;172,148743;71274;-0,23
19.06.2023;172;172,800003;170,800003;171,199997;167,83522;131996;-0,47
20.06.2023;169;169;163,399994;167,600006;164,305984;166000;-0,83
21.06.2023;167;168,399994;166,199997;168,199997;164,89418;90624;0,72
22.06.2023;163;166,800003;163;163,800003;160,580658;102385;0,49
23.06.2023;163,800003;164;158,800003;159,800003;156,659271;90767;-2,44
26.06.2023;159,800003;160,399994;157,600006;158,600006;155,482864;121443;-0,75
27.06.2023;158;158,399994;157;157,600006;154,502518;36400;-0,25
28.06.2023;159,399994;159,399994;157,199997;159,399994;156,267136;319754;0
29.06.2023;159,600006;162;158,800003;161,199997;158,031754;77641;1
30.06.2023;161,399994;161,600006;158,600006;158,800003;155,67894;44456;-1,61
03.07.2023;159,600006;161;158;160,399994;157,247482;135637;0,5
04.07.2023;159,399994;160,600006;158,600006;160,600006;157,443558;37306;0,75
05.07.2023;161;161;158,600006;160;156,855347;32084;-0,62
06.07.2023;159;160,600006;158,800003;159;155,875;77107;0
07.07.2023;159,199997;161,600006;158,800003;161,600006;158,423904;66351;1,51
10.07.2023;162;162,399994;160;160,399994;157,247482;106887;-0,99
11.07.2023;160,399994;162,399994;159,800003;160,800003;157,639618;102879;0,25
12.07.2023;161;163,199997;160,199997;163,199997;159,992447;96910;1,37
13.07.2023;164;164;159,800003;160;156,855347;39700;-2,44
14.07.2023;160;160;156,800003;158;154,894653;34523;-1,25
17.07.2023;159;159;155,199997;155,800003;152,7379;63076;-2,01
18.07.2023;158;162,199997;156,399994;159;155,875;311577;0,63
19.07.2023;159,399994;160;158;159;155,875;111587;-0,25
20.07.2023;159,199997;162;158;161,600006;158,423904;139894;1,51
21.07.2023;163;163,600006;160,800003;163,600006;160,384598;47548;0,37
24.07.2023;164;164;161,800003;163;159,796387;22122;-0,61
25.07.2023;163;163,600006;161,600006;163,600006;160,384598;44663;0,37
26.07.2023;163,399994;163,399994;161,800003;163;159,796387;20561;-0,24
27.07.2023;162;165,800003;162;165,399994;162,1492;39199;2,1
28.07.2023;165,399994;165,800003;162,800003;165,600006;162,345291;39557;0,12
31.07.2023;165,600006;167,399994;165,199997;165,600006;162,345291;50638;0
01.08.2023;168;168;164;164,399994;161,168854;40515;-2,14
02.08.2023;164;164,600006;162,600006;163,800003;160,580658;39786;-0,12
03.08.2023;163;163,600006;162;162,800003;159,600311;33405;-0,12
04.08.2023;162,800003;162,800003;161,600006;162;158,81604;22005;-0,49
07.08.2023;161;162;158,800003;159;155,875;32187;-1,24
08.08.2023;159;160,399994;157,199997;158;154,894653;53926;-0,63
09.08.2023;159;160;157,199997;159,399994;156,267136;37238;0,25
10.08.2023;160;160,800003;159,199997;160;156,855347;24984;0
11.08.2023;159,800003;160,600006;158,800003;159,199997;156,07106;23353;-0,38
14.08.2023;159,199997;159,399994;156,600006;158,399994;155,286789;23658;-0,5
15.08.2023;158;158;155,800003;156,199997;153,13002;26615;-1,14
16.08.2023;155,399994;158;153,800003;157,800003;154,698593;32012;1,54
17.08.2023;158;158;154,399994;156;152,93396;57359;-1,27
18.08.2023;155,399994;155,399994;152;153;149,99292;43923;-1,54
21.08.2023;153;156,399994;153;154;150,973267;39578;0,65
22.08.2023;156;156;152,800003;153,199997;150,188995;40605;-1,79
23.08.2023;153;154,199997;152,199997;152,800003;149,79686;27452;-0,13
24.08.2023;152;153;149,600006;149,600006;146,65976;47632;-1,58
25.08.2023;150;154;149,399994;152,800003;149,79686;46049;1,87
28.08.2023;154;154,800003;152,800003;154,399994;151,365402;31782;0,26
29.08.2023;155;155,399994;154;154;150,973267;14177;-0,65
30.08.2023;154;157,399994;154;156,199997;153,13002;33040;1,43
31.08.2023;157,399994;157,399994;155;155,399994;152,345749;48698;-1,27
01.09.2023;156;156,199997;155;155,600006;152,541824;26959;-0,26
04.09.2023;157;157;153,199997;153,399994;150,385056;28474;-2,29
05.09.2023;153;153,399994;151,600006;151,600006;148,620438;26050;-0,92
06.09.2023;151,600006;151,600006;148,399994;149;146,071533;33401;-1,72
07.09.2023;149;153,600006;147,800003;153,399994;150,385056;89118;2,95
08.09.2023;153,399994;155,399994;152,600006;154,199997;151,169342;50618;0,52
11.09.2023;155;155,600006;153,800003;154,600006;151,561478;111150;-0,26
12.09.2023;155;157,800003;155;156;152,93396;67489;0,65
13.09.2023;155;157,199997;154,600006;155,199997;152,149689;44390;0,13
14.09.2023;154;156;154;155,800003;152,7379;94186;1,17
15.09.2023;156,600006;160,399994;156,399994;160,399994;157,247482;89438;2,43
18.09.2023;160,399994;161,399994;157,800003;159;155,875;19537;-0,87
19.09.2023;158,399994;160;158,399994;158,600006;155,482864;28591;0,13
20.09.2023;158;160,399994;157,199997;160,199997;157,051407;46931;1,39
21.09.2023;158,600006;161;158,399994;160,399994;157,247482;80809;1,13
22.09.2023;160,399994;160,399994;153,600006;157;153,914307;97022;-2,12
25.09.2023;158;158;151;151,600006;148,620438;86898;-4,05
26.09.2023;153;155;151;152,199997;149,208649;37597;-0,52
27.09.2023;155,199997;157,600006;153;156,800003;153,718246;57899;1,03
28.09.2023;157,600006;158,199997;155,600006;158,199997;155,090714;65636;0,38
29.09.2023;159,199997;161,600006;158;158;154,894653;89426;-0,75
02.10.2023;163;163;157,600006;158,600006;155,482864;36500;-2,7
03.10.2023;157;160,199997;156,600006;159,199997;156,07106;33925;1,4
04.10.2023;160,800003;160,800003;157,399994;158,399994;155,286789;53694;-1,49
05.10.2023;158;163,600006;156,600006;163,199997;159,992447;66285;3,29
06.10.2023;163,399994;163,800003;159,600006;162,800003;159,600311;289713;-0,37
09.10.2023;163,800003;164,399994;159,199997;159,199997;156,07106;60093;-2,81
10.10.2023;163;163;158,199997;158,600006;155,482864;66515;-2,7
11.10.2023;162,199997;162,199997;158,399994;159,600006;156,463211;42286;-1,6
12.10.2023;159,600006;162;159,199997;161,399994;158,227829;64353;1,13
13.10.2023;159;160;156,800003;159,800003;156,659271;132418;0,5
16.10.2023;160;160;156,199997;157,800003;154,698593;100152;-1,37
17.10.2023;158,399994;158,399994;155,800003;156,800003;153,718246;227472;-1,01
18.10.2023;155,800003;156;153;153,199997;150,188995;39837;-1,67
19.10.2023;152,800003;154;151,399994;152;149,012573;74161;-0,52
20.10.2023;151;152,199997;149;152,199997;149,208649;91509;0,79
23.10.2023;151,199997;151,800003;148,199997;151,399994;148,424362;160618;0,13
24.10.2023;153;161,399994;152,800003;159;155,875;90472;3,92
25.10.2023;161,800003;161,800003;150,800003;152;149,012573;90866;-6,06
26.10.2023;150,800003;153,600006;149,199997;150;147,05188;85174;-0,53
27.10.2023;150;151,600006;149,600006;150,600006;147,640106;130055;0,4
30.10.2023;158;158;151,600006;152,199997;149,208649;55786;-3,67
31.10.2023;151;153,399994;150,800003;151,399994;148,424362;106330;0,26
01.11.2023;150;154,600006;149,199997;154,199997;151,169342;66722;2,8
02.11.2023;154;159;154;158,600006;155,482864;72561;2,99
03.11.2023;159;159;154,399994;155;151,953613;36756;-2,52
06.11.2023;155;157,399994;155;157,199997;154,110367;31044;1,42
07.11.2023;158;158;154,600006;156,199997;153,13002;38360;-1,14
08.11.2023;154,600006;159,600006;154,600006;159,600006;156,463211;100430;3,23
09.11.2023;159,399994;162;159;161,399994;158,227829;60161;1,25
10.11.2023;157;162,800003;157;162,600006;159,404251;28473;3,57
13.11.2023;163;165,199997;162,800003;164;160,776733;75191;0,61
14.11.2023;164;169,800003;163,800003;169,800003;166,462738;63718;3,54
15.11.2023;170;172,800003;169,600006;169,800003;166,462738;453258;-0,12
16.11.2023;171,399994;172;168,399994;168,600006;165,286331;149086;-1,63
17.11.2023;170;172,399994;169;170,800003;167,443085;35591;0,47
20.11.2023;172,399994;172,399994;168;169;165,678452;68663;-1,97
21.11.2023;172,800003;172,800003;167,600006;167,600006;164,305984;73926;-3,01
22.11.2023;169,199997;169,800003;166,800003;168;164,698105;55245;-0,71
23.11.2023;172;172;167;170,399994;167,050934;51544;-0,93
24.11.2023;172;172;168,399994;169,399994;166,070587;57587;-1,51
27.11.2023;167,800003;171,399994;167,800003;170,199997;166,854874;46445;1,43
28.11.2023;169;171;168,399994;171;167,639145;76204;1,18
29.11.2023;170;174,600006;169,800003;174,399994;170,972321;50046;2,59
30.11.2023;174,199997;174,199997;171,600006;172,399994;169,011627;96673;-1,03
01.12.2023;174,399994;174,399994;171,800003;173;169,599838;205848;-0,8
04.12.2023;170,600006;174,800003;170,600006;173,199997;169,795914;59445;1,52
05.12.2023;173,800003;173,800003;169,600006;170,399994;167,050934;51578;-1,96
06.12.2023;173;173;169;170,600006;167,247025;139299;-1,39
07.12.2023;171;171;167,800003;169,199997;165,874527;31014;-1,05
08.12.2023;170;172;168;172;168,619492;67356;1,18
11.12.2023;164,600006;164,600006;157;159,600006;156,463211;407072;-3,04
12.12.2023;159,399994;161,199997;157,399994;161;157,835693;317741;1
13.12.2023;161,600006;162,399994;158,600006;162,399994;159,208176;102720;0,5
14.12.2023;162,600006;167;162,399994;164,600006;161,364944;48501;1,23
15.12.2023;164,600006;167,399994;164,600006;164,600006;161,364944;140036;0
18.12.2023;164,199997;168,800003;164,199997;167,199997;163,913834;120511;1,83
19.12.2023;165,600006;169,800003;163,800003;163,800003;160,580658;59472;-1,09
20.12.2023;162;164,600006;161,199997;162,600006;159,404251;39935;0,37
21.12.2023;170;170;160,199997;161;157,835693;42266;-5,29
22.12.2023;159;162,399994;159;162,199997;159,0121;63302;2,01
27.12.2023;162,199997;166,399994;162;166,199997;162,933487;76717;2,47
28.12.2023;169;170,600006;165,800003;170,600006;167,247025;46621;0,95
29.12.2023;171;172;170,199997;171,399994;168,031281;23803;0,23
02.01.2024;171,399994;173;170,199997;171,199997;167,83522;24890;-0,12
03.01.2024;170;171;165,800003;165,800003;162,541351;32318;-2,47
04.01.2024;165;168,800003;165;166,800003;163,521698;63795;1,09
05.01.2024;167,600006;168;162;163,199997;159,992447;31706;-2,63
08.01.2024;165,399994;167;161,399994;167;163,717773;41314;0,97
09.01.2024;166,399994;168,600006;164;168;164,698105;59575;0,96
10.01.2024;167;168,399994;165,800003;168;164,698105;41019;0,6
11.01.2024;170;170;166;166,199997;162,933487;50813;-2,24
12.01.2024;169,800003;169,800003;163,399994;163,600006;160,384598;70674;-3,65
15.01.2024;164,399994;164,600006;161,800003;164,600006;161,364944;27054;0,12
16.01.2024;163,800003;164,399994;160,800003;162;158,81604;128303;-1,1
17.01.2024;162;162;156,800003;158;154,894653;127115;-2,47
18.01.2024;161,399994;161,399994;156,199997;158,199997;155,090714;42935;-1,98
19.01.2024;160;160;157,600006;159,800003;156,659271;29785;-0,12
22.01.2024;160;161,399994;159,199997;160,600006;157,443558;23646;0,38
23.01.2024;161,600006;163,800003;161;163;159,796387;34876;0,87
24.01.2024;164,399994;164,399994;161,600006;162,399994;159,208176;41248;-1,22
25.01.2024;165;165;161,600006;163,399994;160,188522;12823;-0,97
26.01.2024;164,800003;168,199997;163,800003;167,600006;164,305984;43530;1,7
29.01.2024;168;168;166;168;164,698105;72679;0
30.01.2024;169;170,600006;166,600006;166,600006;163,325638;32692;-1,42
31.01.2024;174;183;174;179,399994;175,874054;349529;3,1
01.02.2024;179;185,800003;179;185;181,363998;227414;3,35
02.02.2024;186;186,199997;180,600006;182;178,422958;73840;-2,15
05.02.2024;180;181,800003;177,800003;181,199997;177,638672;35940;0,67
06.02.2024;179;180,199997;176,399994;176,399994;172,933014;51270;-1,45
07.02.2024;176,399994;176,399994;172,600006;174,399994;170,972321;57612;-1,13
08.02.2024;173;174,600006;171,800003;173,600006;170,188049;35848;0,35
09.02.2024;172,199997;173,600006;172;172;168,619492;51489;-0,12
12.02.2024;174;174,800003;172,199997;174,600006;171,168396;39176;0,34
13.02.2024;174,399994;175,399994;171,800003;174,800003;171,364471;50171;0,23
14.02.2024;174;179,800003;174;179,800003;176,26619;134085;3,33
15.02.2024;179;182,800003;179;182;178,422958;75665;1,68
16.02.2024;182;183,800003;180,399994;183;179,403305;87248;0,55
19.02.2024;183,199997;183,399994;179,199997;180,199997;176,658325;23841;-1,64
20.02.2024;180;181,800003;179,199997;181,399994;177,834747;38177;0,78
21.02.2024;181;181,399994;178,199997;181,199997;177,638672;35007;0,11
22.02.2024;182;184,399994;181,199997;182,399994;178,815094;48923;0,22
23.02.2024;182,600006;184,600006;181,199997;184,399994;180,775772;24751;0,99
26.02.2024;184;185,199997;182,600006;183,600006;179,991516;37020;-0,22
27.02.2024;183,600006;184,600006;183,199997;183,800003;180,187576;56603;0,11
28.02.2024;182;183,800003;181,600006;182;178,422958;23175;0
29.02.2024;181;184;181;184;180,383652;91690;1,66
01.03.2024;184,399994;186;183,800003;185,800003;182,14827;90369;0,76
04.03.2024;186;187,399994;183,800003;184,600006;180,971863;80324;-0,75
05.03.2024;182;185;182;183,800003;180,187576;248931;0,99
06.03.2024;184;184;181;181;177,442612;41023;-1,63
07.03.2024;181;181,800003;181;181;177,442612;29035;0
08.03.2024;180;185,600006;180;182,600006;179,011169;21854;1,44
11.03.2024;182,600006;183,399994;181,199997;182,399994;178,815094;20286;-0,11
12.03.2024;183;185,800003;182,800003;185,800003;182,14827;35084;1,53
13.03.2024;186;187;184;185;181,363998;23994;-0,54
14.03.2024;185;185,199997;182;182;178,422958;25113;-1,62
15.03.2024;182;184,399994;182;183,800003;180,187576;145302;0,99
18.03.2024;183,199997;186,199997;183,199997;185,399994;181,756119;28101;1,2
19.03.2024;186;186,600006;183,600006;183,600006;179,991516;91252;-1,29
20.03.2024;184,800003;185,199997;183,600006;183,600006;179,991516;43554;-0,65
21.03.2024;184,800003;184,800003;181,600006;183,800003;180,187576;65916;-0,54
22.03.2024;183,199997;184,800003;182;183;179,403305;60890;-0,11
25.03.2024;183;185,800003;182,199997;185,199997;181,560059;88756;1,2
26.03.2024;185,399994;188;184,199997;188;184,305023;26621;1,4
27.03.2024;188;191;188;189,199997;185,481445;22861;0,64
02.04.2024;189;190,199997;186;187,600006;183,912903;110637;-0,74
03.04.2024;186,600006;187,800003;184,800003;187;183,324692;281994;0,21
04.04.2024;187,800003;192;187,199997;191,800003;188,03035;115692;2,13
05.04.2024;190;202,5;189,800003;200;196,069183;109845;5,26
08.04.2024;199,399994;200;192,800003;194,199997;190,383179;45526;-2,61
09.04.2024;194;197,399994;193,800003;195,399994;191,559586;23000;0,72
10.04.2024;196,399994;197,600006;193,600006;195,600006;191,755661;33295;-0,41
11.04.2024;196,199997;196,199997;194,399994;190,800003;187,050003;53323;-2,75
12.04.2024;192,399994;197,399994;192,399994;195,600006;195,600006;85664;1,66
15.04.2024;195,600006;195,600006;191,199997;191,600006;191,600006;9721;-2,04
